name,id,recommended_rank,rank,title,url,author,score,flags
"Cody Rhodes","wwe-smackdown-cody-rhodes","1","1","Custom Cody Rhodes Render!","https://www.deviantart.com/cxpv1dz/art/Custom-Cody-Rhodes-Render-1239559143","cxpv1dz","65",""
"Cody Rhodes","wwe-smackdown-cody-rhodes","1","2","Cody Rhodes render","https://www.deviantart.com/tdg129/art/Cody-Rhodes-render-1329751439","tdg129","65",""
"Cody Rhodes","wwe-smackdown-cody-rhodes","1","3","Cody Rhodes 2026 Render WWE","https://www.deviantart.com/line2j/art/Cody-Rhodes-2026-Render-WWE-1302847529","line2j","65",""
"Kazuchika Okada","aew-aew-kazuchika-okada","1","1","Kazuchika Okada Render by yasuke4u","https://www.deviantart.com/yasuke4u/art/Kazuchika-Okada-Render-by-yasuke4u-1298988764","yasuke4u","65",""
"Kazuchika Okada","aew-aew-kazuchika-okada","1","2","Kazuchika Okada Render by yasuke4u","https://www.deviantart.com/yasuke4u/art/Kazuchika-Okada-Render-by-yasuke4u-1295485644","yasuke4u","65",""
"Kazuchika Okada","aew-aew-kazuchika-okada","1","3","Kazuchika Okada Intercontinental Champion Render","https://www.deviantart.com/renderzgalore/art/Kazuchika-Okada-Intercontinental-Champion-Render-1264622393","renderzgalore","65","belt/champion"
"Chris Jericho","aew-aew-chris-jericho","1","1","Chris Jericho '26 Render","https://www.deviantart.com/xharlott/art/Chris-Jericho-26-Render-1316933972","xharlott","65",""
"Chris Jericho","aew-aew-chris-jericho","1","2","Chris Jericho '16 Render","https://www.deviantart.com/xharlott/art/Chris-Jericho-16-Render-1304763629","xharlott","65",""
"Chris Jericho","aew-aew-chris-jericho","1","3","Chris Jericho '03 Render","https://www.deviantart.com/xharlott/art/Chris-Jericho-03-Render-1291550629","xharlott","65",""
"CM Punk","wwe-raw-cm-punk","1","1","CM Punk Render by yasuke4u","https://www.deviantart.com/yasuke4u/art/CM-Punk-Render-by-yasuke4u-1319217738","yasuke4u","65",""
"CM Punk","wwe-raw-cm-punk","1","2","CM Punk Render by yasuke4u","https://www.deviantart.com/yasuke4u/art/CM-Punk-Render-by-yasuke4u-1319217756","yasuke4u","65",""
"CM Punk","wwe-raw-cm-punk","1","3","CM Punk 2026 Render WWE","https://www.deviantart.com/line2j/art/CM-Punk-2026-Render-WWE-1332086875","line2j","65",""
"Liv Morgan","wwe-raw-liv-morgan","1","1","Liv Morgan Render by yasuke4u","https://www.deviantart.com/yasuke4u/art/Liv-Morgan-Render-by-yasuke4u-1318937245","yasuke4u","65",""
"Liv Morgan","wwe-raw-liv-morgan","1","2","Liv Morgan Render by yasuke4u","https://www.deviantart.com/yasuke4u/art/Liv-Morgan-Render-by-yasuke4u-1296893643","yasuke4u","65",""
"Liv Morgan","wwe-raw-liv-morgan","1","3","Liv Morgan 2026 Render WWE","https://www.deviantart.com/line2j/art/Liv-Morgan-2026-Render-WWE-1291301076","line2j","65",""
"Will Ospreay","aew-aew-will-ospreay","1","1","Will Ospreay Render by yasuke4u","https://www.deviantart.com/yasuke4u/art/Will-Ospreay-Render-by-yasuke4u-1295485792","yasuke4u","65",""
"Will Ospreay","aew-aew-will-ospreay","1","2","Will Ospreay Intercontinental Champion render","https://www.deviantart.com/tdg129/art/Will-Ospreay-Intercontinental-Champion-render-1330601933","tdg129","65","belt/champion"
"Will Ospreay","aew-aew-will-ospreay","1","3","AEW Will Ospreay 2024 render","https://www.deviantart.com/vlysyuk/art/AEW-Will-Ospreay-2024-render-1132664239","vlysyuk","65",""
"Naomi","wwe-raw-naomi","1","1","Naomi Render by yasuke4u","https://www.deviantart.com/yasuke4u/art/Naomi-Render-by-yasuke4u-1317865886","yasuke4u","65",""
"Naomi","wwe-raw-naomi","1","2","Naomi Render by yasuke4u","https://www.deviantart.com/yasuke4u/art/Naomi-Render-by-yasuke4u-1319364045","yasuke4u","65",""
"Naomi","wwe-raw-naomi","1","3","Naomi Render by yasuke4u","https://www.deviantart.com/yasuke4u/art/Naomi-Render-by-yasuke4u-1317811308","yasuke4u","65",""
"Stephanie Vaquer","wwe-raw-stephanie-vaquer","1","1","Stephanie Vaquer Render by yasuke4u","https://www.deviantart.com/yasuke4u/art/Stephanie-Vaquer-Render-by-yasuke4u-1295486263","yasuke4u","65",""
"Stephanie Vaquer","wwe-raw-stephanie-vaquer","1","2","Stephanie Vaquer WWE Render PNG","https://www.deviantart.com/wwewomendaily/art/Stephanie-Vaquer-WWE-Render-PNG-1288962560","wwewomendaily","65",""
"Stephanie Vaquer","wwe-raw-stephanie-vaquer","1","3","Stephanie Vaquer Mar '26 Render","https://www.deviantart.com/xharlott/art/Stephanie-Vaquer-Mar-26-Render-1316382851","xharlott","65",""
"Asuka","wwe-raw-asuka","1","1","Asuka Render by yasuke4u","https://www.deviantart.com/yasuke4u/art/Asuka-Render-by-yasuke4u-1317850624","yasuke4u","65",""
"Asuka","wwe-raw-asuka","1","2","Momoko Asuka Render 17","https://www.deviantart.com/iljaheld/art/Momoko-Asuka-Render-17-1284015418","iljaheld","50",""
"Asuka","wwe-raw-asuka","1","3","Asuka render 4","https://www.deviantart.com/akatsukiannie/art/Asuka-render-4-1184837712","akatsukiannie","50",""
"Bron Breakker","wwe-raw-bron-breakker","1","1","Bron Breakker Render by yasuke4u","https://www.deviantart.com/yasuke4u/art/Bron-Breakker-Render-by-yasuke4u-1319217926","yasuke4u","65",""
"Bron Breakker","wwe-raw-bron-breakker","1","2","Bron Breakker WWE Render PNG","https://www.deviantart.com/wwewomendaily/art/Bron-Breakker-WWE-Render-PNG-1297854483","wwewomendaily","65",""
"Bron Breakker","wwe-raw-bron-breakker","1","3","Bron Breakker WWE Render PNG","https://www.deviantart.com/wwewomendaily/art/Bron-Breakker-WWE-Render-PNG-1296696634","wwewomendaily","65",""
"Thekla","aew-aew-thekla","1","1","Thekla Render by yasuke4u","https://www.deviantart.com/yasuke4u/art/Thekla-Render-by-yasuke4u-1291647570","yasuke4u","65",""
"Thekla","aew-aew-thekla","1","2","Thekla Render by yasuke4u","https://www.deviantart.com/yasuke4u/art/Thekla-Render-by-yasuke4u-1319825297","yasuke4u","65",""
"Thekla","aew-aew-thekla","1","3","Thekla Render by yasuke4u","https://www.deviantart.com/yasuke4u/art/Thekla-Render-by-yasuke4u-1303249933","yasuke4u","65",""
"Willow Nightingale","aew-aew-willow-nightingale","1","1","Willow Nightingale Render by yasuke4u","https://www.deviantart.com/yasuke4u/art/Willow-Nightingale-Render-by-yasuke4u-1291725071","yasuke4u","65",""
"Willow Nightingale","aew-aew-willow-nightingale","1","2","Willow Nightingale Render by yasuke4u","https://www.deviantart.com/yasuke4u/art/Willow-Nightingale-Render-by-yasuke4u-1308406979","yasuke4u","65",""
"Willow Nightingale","aew-aew-willow-nightingale","1","3","Willow Nightingale AEW Render","https://www.deviantart.com/dmtaco/art/Willow-Nightingale-AEW-Render-1331591220","dmtaco","50",""
"Jade Cargill","wwe-smackdown-jade-cargill","1","1","Jade Cargill Render by yasuke4u","https://www.deviantart.com/yasuke4u/art/Jade-Cargill-Render-by-yasuke4u-1317870995","yasuke4u","65",""
"Jade Cargill","wwe-smackdown-jade-cargill","1","2","Jade Cargill Render by yasuke4u","https://www.deviantart.com/yasuke4u/art/Jade-Cargill-Render-by-yasuke4u-1309841992","yasuke4u","65",""
"Jade Cargill","wwe-smackdown-jade-cargill","1","3","Jade Cargill render!","https://www.deviantart.com/cxpv1dz/art/Jade-Cargill-render-1268345318","cxpv1dz","65",""
"Swerve Strickland","aew-aew-swerve-strickland","1","1","Swerve Strickland Render by yasukeu4","https://www.deviantart.com/yasuke4u/art/Swerve-Strickland-Render-by-yasukeu4-1297333893","yasuke4u","65",""
"Swerve Strickland","aew-aew-swerve-strickland","1","2","AEW Swerve Strickland render","https://www.deviantart.com/vlysyuk/art/AEW-Swerve-Strickland-render-1172956394","vlysyuk","65",""
"Swerve Strickland","aew-aew-swerve-strickland","1","3","Swerve Strickland AEW Render","https://www.deviantart.com/dmtaco/art/Swerve-Strickland-AEW-Render-1302852181","dmtaco","50",""
"Jacob Fatu","wwe-smackdown-jacob-fatu","1","1","Jacob Fatu WM42 Render","https://www.deviantart.com/xharlott/art/Jacob-Fatu-WM42-Render-1325547639","xharlott","65",""
"Jacob Fatu","wwe-smackdown-jacob-fatu","1","2","Jacob Fatu Render by yasuke4u","https://www.deviantart.com/yasuke4u/art/Jacob-Fatu-Render-by-yasuke4u-1319217817","yasuke4u","65",""
"Jacob Fatu","wwe-smackdown-jacob-fatu","1","3","Jacob Fatu '25 Render","https://www.deviantart.com/xharlott/art/Jacob-Fatu-25-Render-1288157333","xharlott","65",""
"Jay White","aew-aew-jay-white","1","1","Jay White Bullet Club Render","https://www.deviantart.com/tdg129/art/Jay-White-Bullet-Club-Render-1330602232","tdg129","65",""
"Jay White","aew-aew-jay-white","1","2","Jay White WWE World Tag Team Champion PNG/Render","https://www.deviantart.com/yanrtbtn/art/Jay-White-WWE-World-Tag-Team-Champion-PNG-Render-923776473","yanrtbtn","65","belt/champion;team/tag"
"Jay White","aew-aew-jay-white","1","3","Jay White Render 3","https://www.deviantart.com/replayscreen/art/Jay-White-Render-3-1309468376","replayscreen","50",""
"Megan Bayne","aew-aew-megan-bayne","1","1","Megan Bayne Render by yasuke4u","https://www.deviantart.com/yasuke4u/art/Megan-Bayne-Render-by-yasuke4u-1292529315","yasuke4u","65",""
"Megan Bayne","aew-aew-megan-bayne","1","2","Megan Bayne Render by yasuke4u","https://www.deviantart.com/yasuke4u/art/Megan-Bayne-Render-by-yasuke4u-1287637955","yasuke4u","65",""
"Megan Bayne","aew-aew-megan-bayne","1","3","Megan Bayne Render by yasuke4u","https://www.deviantart.com/yasuke4u/art/Megan-Bayne-Render-by-yasuke4u-1315369569","yasuke4u","65",""
"Eddie Kingston","aew-aew-eddie-kingston","1","1","AEW Eddie Kingston PNG #2","https://www.deviantart.com/gamechanger2000/art/AEW-Eddie-Kingston-PNG-2-1178843320","gamechanger2000","65",""
"Eddie Kingston","aew-aew-eddie-kingston","1","2","AEW Eddie Kingston PNG","https://www.deviantart.com/gamechanger2000/art/AEW-Eddie-Kingston-PNG-1178842430","gamechanger2000","65",""
"Eddie Kingston","aew-aew-eddie-kingston","1","3","AEW Eddie Kingston Triple Crown Champion PNG","https://www.deviantart.com/gamechanger2000/art/AEW-Eddie-Kingston-Triple-Crown-Champion-PNG-1295715585","gamechanger2000","65","belt/champion"
"Adam Copeland","aew-aew-adam-copeland","1","1","Adam Copeland '23 Render","https://www.deviantart.com/xharlott/art/Adam-Copeland-23-Render-1317369161","xharlott","65",""
"Adam Copeland","aew-aew-adam-copeland","1","2","AEW Adam Copeland render","https://www.deviantart.com/vlysyuk/art/AEW-Adam-Copeland-render-1092321136","vlysyuk","65",""
"Adam Copeland","aew-aew-adam-copeland","1","3","Adam Copeland international champion render","https://www.deviantart.com/renderzgalore/art/Adam-Copeland-international-champion-render-1125652067","renderzgalore","65","belt/champion"
"PAC","aew-aew-pac","","1","X-Pac Render","https://www.deviantart.com/xharlott/art/X-Pac-Render-1291276925","xharlott","65","wrong wrestler risk"
"PAC","aew-aew-pac","","2","WWE X-Pac Render 2024","https://www.deviantart.com/yanrtbtn/art/WWE-X-Pac-Render-2024-1078651219","yanrtbtn","65","wrong wrestler risk"
"PAC","aew-aew-pac","","3","WWF X-Pac render","https://www.deviantart.com/vlysyuk/art/WWF-X-Pac-render-1175621950","vlysyuk","65","wrong wrestler risk"
"Jey Uso","wwe-raw-jey-uso","1","1","Jey Uso Render!","https://www.deviantart.com/cxpv1dz/art/Jey-Uso-Render-1276607496","cxpv1dz","65",""
"Jey Uso","wwe-raw-jey-uso","1","2","Jey Uso WWE Render PNG","https://www.deviantart.com/wwewomendaily/art/Jey-Uso-WWE-Render-PNG-1282485141","wwewomendaily","65",""
"Jey Uso","wwe-raw-jey-uso","1","3","Jey Uso Render","https://www.deviantart.com/xharlott/art/Jey-Uso-Render-1285942431","xharlott","65",""
"Kyle O'Reilly","aew-aew-kyle-o-reilly","1","1","Kyle OReilly Render/PNG 1","https://www.deviantart.com/karmicraze/art/Kyle-OReilly-Render-PNG-1-916120426","karmicraze","50",""
"Kyle O'Reilly","aew-aew-kyle-o-reilly","1","2","KYLE OREILLY RENDER NXT","https://www.deviantart.com/mrlivef/art/KYLE-OREILLY-RENDER-NXT-873306494","mrlivef","50",""
"Kyle O'Reilly","aew-aew-kyle-o-reilly","1","3","Kyle OReilly 2012 render","https://www.deviantart.com/xdivisionqueen/art/Kyle-OReilly-2012-render-976842131","xdivisionqueen","50",""
"Samoa Joe","aew-aew-samoa-joe","1","1","Samoa Joe Render by yasuke4u","https://www.deviantart.com/yasuke4u/art/Samoa-Joe-Render-by-yasuke4u-1294106145","yasuke4u","65",""
"Samoa Joe","aew-aew-samoa-joe","1","2","Samoa Joe '04 Render","https://www.deviantart.com/xharlott/art/Samoa-Joe-04-Render-1285939738","xharlott","65",""
"Samoa Joe","aew-aew-samoa-joe","1","3","Samoa Joe 2019 PNG Render","https://www.deviantart.com/superajstylesnick/art/Samoa-Joe-2019-PNG-Render-928568929","superajstylesnick","65",""
"Logan Paul","wwe-raw-logan-paul","1","1","Logan Paul Render by yasuke4u","https://www.deviantart.com/yasuke4u/art/Logan-Paul-Render-by-yasuke4u-1319217947","yasuke4u","65",""
"Logan Paul","wwe-raw-logan-paul","1","2","Logan Paul '26 Render","https://www.deviantart.com/xharlott/art/Logan-Paul-26-Render-1290047062","xharlott","65",""
"Logan Paul","wwe-raw-logan-paul","1","3","Logan Paul Apr '22 Render","https://www.deviantart.com/xharlott/art/Logan-Paul-Apr-22-Render-1301232574","xharlott","65",""
"Roderick Strong","aew-aew-roderick-strong","2","1","Roderick Strong NXT Cruiserweight Champion Render","https://www.deviantart.com/ambrose2k/art/Roderick-Strong-NXT-Cruiserweight-Champion-Render-912444519","ambrose2k","65","belt/champion"
"Roderick Strong","aew-aew-roderick-strong","2","2","Roderick Strong *OFFICIAL* NXT render 2020","https://www.deviantart.com/babuguuscooties/art/Roderick-Strong-OFFICIAL-NXT-render-2020-844230207","babuguuscooties","65",""
"Roderick Strong","aew-aew-roderick-strong","2","3","Roderick Strong Diamond Mine WWE NXT Render","https://www.deviantart.com/ambrose2k/art/Roderick-Strong-Diamond-Mine-WWE-NXT-Render-911980938","ambrose2k","65",""
"Bobby Lashley","aew-aew-bobby-lashley","1","1","Bobby Lashley WWE Render PNG","https://www.deviantart.com/wwewomendaily/art/Bobby-Lashley-WWE-Render-PNG-1089037786","wwewomendaily","65",""
"Bobby Lashley","aew-aew-bobby-lashley","1","2","Bobby Lashley WWE Render PNG","https://www.deviantart.com/wwewomendaily/art/Bobby-Lashley-WWE-Render-PNG-955722767","wwewomendaily","65",""
"Bobby Lashley","aew-aew-bobby-lashley","1","3","WWE Bobby Lashley Render","https://www.deviantart.com/ykprihodilo/art/WWE-Bobby-Lashley-Render-1072821180","ykprihodilo","65",""
"Kevin Owens","wwe-smackdown-kevin-owens","1","1","Kevin Owens WWE Render 2025","https://www.deviantart.com/ykprihodilo/art/Kevin-Owens-WWE-Render-2025-1269069856","ykprihodilo","65",""
"Kevin Owens","wwe-smackdown-kevin-owens","1","2","WWE Kevin Owens render","https://www.deviantart.com/vlysyuk/art/WWE-Kevin-Owens-render-1335402542","vlysyuk","65",""
"Kevin Owens","wwe-smackdown-kevin-owens","1","3","Kevin Owens WWE Render PNG","https://www.deviantart.com/wwewomendaily/art/Kevin-Owens-WWE-Render-PNG-1171692966","wwewomendaily","65",""
"Mark Davis","aew-aew-mark-davis","1","1","MARK DAVIS AEW NATIONAL CHAMPION RENDER","https://www.deviantart.com/kiddmoxxie/art/MARK-DAVIS-AEW-NATIONAL-CHAMPION-RENDER-1331718911","kiddmoxxie","50","belt/champion;belt/champion"
"Mark Davis","aew-aew-mark-davis","1","2","Mark Davis AEW Render PNG 2024","https://www.deviantart.com/sierradzn/art/Mark-Davis-AEW-Render-PNG-2024-1017787022","sierradzn","50",""
"Mark Davis","aew-aew-mark-davis","1","3","MARK DAVIS AEW TRIOS CHAMPION","https://www.deviantart.com/kiddmoxxie/art/MARK-DAVIS-AEW-TRIOS-CHAMPION-1308049504","kiddmoxxie","30","belt/champion;team/tag;belt/champion"
"LA Knight","wwe-raw-la-knight","1","1","La Knight Casual Render","https://www.deviantart.com/tdg129/art/La-Knight-Casual-Render-1336216641","tdg129","65",""
"LA Knight","wwe-raw-la-knight","1","2","LA Knight Render by yasuke4u","https://www.deviantart.com/yasuke4u/art/LA-Knight-Render-by-yasuke4u-1319217804","yasuke4u","65",""
"LA Knight","wwe-raw-la-knight","1","3","LA Knight WWE Render PNG","https://www.deviantart.com/wwewomendaily/art/LA-Knight-WWE-Render-PNG-1302342797","wwewomendaily","65",""
"Sami Zayn","wwe-smackdown-sami-zayn","1","1","Sami Zayn '26 Render V2","https://www.deviantart.com/xharlott/art/Sami-Zayn-26-Render-V2-1309669604","xharlott","65",""
"Sami Zayn","wwe-smackdown-sami-zayn","1","2","Sami Zayn WWE Render 2024-2025","https://www.deviantart.com/ykprihodilo/art/Sami-Zayn-WWE-Render-2024-2025-1250560650","ykprihodilo","65",""
"Sami Zayn","wwe-smackdown-sami-zayn","1","3","Sami Zayn WWE Render PNG","https://www.deviantart.com/wwewomendaily/art/Sami-Zayn-WWE-Render-PNG-1283742600","wwewomendaily","65",""
"Giulia","wwe-smackdown-giulia","1","1","Giulia Render by yasuke4u","https://www.deviantart.com/yasuke4u/art/Giulia-Render-by-yasuke4u-1318937278","yasuke4u","65",""
"Giulia","wwe-smackdown-giulia","1","2","Giulia Render by yasuke4u","https://www.deviantart.com/yasuke4u/art/Giulia-Render-by-yasuke4u-1317811331","yasuke4u","65",""
"Giulia","wwe-smackdown-giulia","1","3","Giulia '26 Render","https://www.deviantart.com/xharlott/art/Giulia-26-Render-1295489414","xharlott","65",""
"Nattie","wwe-raw-nattie","1","1","Nattie Render by yasuke4u","https://www.deviantart.com/yasuke4u/art/Nattie-Render-by-yasuke4u-1300628953","yasuke4u","65",""
"Nattie","wwe-raw-nattie","1","2","Nattie Render by yasuke4u","https://www.deviantart.com/yasuke4u/art/Nattie-Render-by-yasuke4u-1317843839","yasuke4u","65",""
"Nattie","wwe-raw-nattie","1","3","WWE Nattie PNG Render 2026","https://www.deviantart.com/yanrtbtn/art/WWE-Nattie-PNG-Render-2026-1298585977","yanrtbtn","65",""
"Raquel Rodriguez","wwe-raw-raquel-rodriguez","1","1","Raquel Rodriguez Render by yasuke4u","https://www.deviantart.com/yasuke4u/art/Raquel-Rodriguez-Render-by-yasuke4u-1307030648","yasuke4u","65",""
"Raquel Rodriguez","wwe-raw-raquel-rodriguez","1","2","WWE Raquel Rodriguez 2025 render","https://www.deviantart.com/vlysyuk/art/WWE-Raquel-Rodriguez-2025-render-1225068659","vlysyuk","65",""
"Raquel Rodriguez","wwe-raw-raquel-rodriguez","1","3","Raquel Rodriguez Render by yasuke4u","https://www.deviantart.com/yasuke4u/art/Raquel-Rodriguez-Render-by-yasuke4u-1318937261","yasuke4u","65",""
"Damian Priest","wwe-smackdown-damian-priest","1","1","Damian Priest Render by yasuke4u","https://www.deviantart.com/yasuke4u/art/Damian-Priest-Render-by-yasuke4u-1319217766","yasuke4u","65",""
"Damian Priest","wwe-smackdown-damian-priest","1","2","WWE Damian Priest 2026 render","https://www.deviantart.com/vlysyuk/art/WWE-Damian-Priest-2026-render-1320477080","vlysyuk","65",""
"Damian Priest","wwe-smackdown-damian-priest","1","3","Damian Priest WWE Render PNG","https://www.deviantart.com/wwewomendaily/art/Damian-Priest-WWE-Render-PNG-1097560620","wwewomendaily","65",""
"Sheamus","wwe-raw-sheamus","1","1","Sheamus WWE Render PNG","https://www.deviantart.com/wwewomendaily/art/Sheamus-WWE-Render-PNG-1280489915","wwewomendaily","65",""
"Sheamus","wwe-raw-sheamus","1","2","Sheamus WWE Render PNG","https://www.deviantart.com/wwewomendaily/art/Sheamus-WWE-Render-PNG-1302343307","wwewomendaily","65",""
"Sheamus","wwe-raw-sheamus","1","3","Sheamus WWE Render PNG","https://www.deviantart.com/wwewomendaily/art/Sheamus-WWE-Render-PNG-1235108180","wwewomendaily","65",""
"Finn Bálor","wwe-raw-finn-b-lor","1","1","Finn Balor Render by yasuke4u","https://www.deviantart.com/yasuke4u/art/Finn-Balor-Render-by-yasuke4u-1319217857","yasuke4u","65",""
"Finn Bálor","wwe-raw-finn-b-lor","1","2","Finn Balor Renders","https://www.deviantart.com/gamechanger2000/art/Finn-Balor-Renders-1274466037","gamechanger2000","65",""
"Finn Bálor","wwe-raw-finn-b-lor","1","3","Finn Balor WWE Render PNG","https://www.deviantart.com/wwewomendaily/art/Finn-Balor-WWE-Render-PNG-1220130456","wwewomendaily","65",""
"Dominik Mysterio","wwe-raw-dominik-mysterio","1","1","Dominik Mysterio WWE Render PNG","https://www.deviantart.com/wwewomendaily/art/Dominik-Mysterio-WWE-Render-PNG-974110694","wwewomendaily","65",""
"Dominik Mysterio","wwe-raw-dominik-mysterio","1","2","Dominik Mysterio '25 Render","https://www.deviantart.com/xharlott/art/Dominik-Mysterio-25-Render-1289334361","xharlott","65",""
"Dominik Mysterio","wwe-raw-dominik-mysterio","1","3","Dominik Mysterio Render by yasuke4u","https://www.deviantart.com/yasuke4u/art/Dominik-Mysterio-Render-by-yasuke4u-1319217776","yasuke4u","65",""
"Lena Kross","aew-aew-lena-kross","1","1","Lena Kross Render by yasuke4u","https://www.deviantart.com/yasuke4u/art/Lena-Kross-Render-by-yasuke4u-1313984458","yasuke4u","65",""
"Lena Kross","aew-aew-lena-kross","1","2","Lena Kross AEW Render 2026","https://www.deviantart.com/elitejoshiarchive/art/Lena-Kross-AEW-Render-2026-1332698399","elitejoshiarchive","50",""
"Lena Kross","aew-aew-lena-kross","1","3","Lena Kross AEW 2026 Render","https://www.deviantart.com/ihammertg/art/Lena-Kross-AEW-2026-Render-1299033802","ihammertg","50",""
"Alexa Bliss","wwe-smackdown-alexa-bliss","1","1","Alexa Bliss 2016-2017 SmackDown Render","https://www.deviantart.com/line2j/art/Alexa-Bliss-2016-2017-SmackDown-Render-1282350655","line2j","65",""
"Alexa Bliss","wwe-smackdown-alexa-bliss","1","2","Alexa Bliss Render by yasuke4u","https://www.deviantart.com/yasuke4u/art/Alexa-Bliss-Render-by-yasuke4u-1319364023","yasuke4u","65",""
"Alexa Bliss","wwe-smackdown-alexa-bliss","1","3","Alexa Bliss WM42 Render","https://www.deviantart.com/xharlott/art/Alexa-Bliss-WM42-Render-1324583083","xharlott","65",""
"Jimmy Uso","wwe-raw-jimmy-uso","1","1","Jimmy Uso Render","https://www.deviantart.com/tdg129/art/Jimmy-Uso-Render-1332941052","tdg129","65",""
"Jimmy Uso","wwe-raw-jimmy-uso","1","2","Jimmy Uso '26 Render","https://www.deviantart.com/xharlott/art/Jimmy-Uso-26-Render-1332805070","xharlott","65",""
"Jimmy Uso","wwe-raw-jimmy-uso","1","3","Jimmy Uso Render","https://www.deviantart.com/xharlott/art/Jimmy-Uso-Render-1285942293","xharlott","65",""
"Shinsuke Nakamura","wwe-smackdown-shinsuke-nakamura","1","1","Shinsuke Nakamura '25 Render","https://www.deviantart.com/xharlott/art/Shinsuke-Nakamura-25-Render-1286229083","xharlott","65",""
"Shinsuke Nakamura","wwe-smackdown-shinsuke-nakamura","1","2","Shinsuke Nakamura '14 Render","https://www.deviantart.com/xharlott/art/Shinsuke-Nakamura-14-Render-1292724395","xharlott","65",""
"Shinsuke Nakamura","wwe-smackdown-shinsuke-nakamura","1","3","Shinsuke Nakamura 'CUSTOM' US Champion Render","https://www.deviantart.com/methio22/art/Shinsuke-Nakamura-CUSTOM-US-Champion-Render-1126667699","methio22","65","belt/champion"
"Chelsea Green","wwe-smackdown-chelsea-green","1","1","Custom Chelsea Green WWE Render PNG","https://www.deviantart.com/wwewomendaily/art/Custom-Chelsea-Green-WWE-Render-PNG-1239165310","wwewomendaily","65",""
"Chelsea Green","wwe-smackdown-chelsea-green","1","2","Chelsea Green Render by yasuke4u","https://www.deviantart.com/yasuke4u/art/Chelsea-Green-Render-by-yasuke4u-1318937356","yasuke4u","65",""
"Chelsea Green","wwe-smackdown-chelsea-green","1","3","Chelsea Green WWE Render PNG","https://www.deviantart.com/wwewomendaily/art/Chelsea-Green-WWE-Render-PNG-1010225226","wwewomendaily","65",""
"Ilja Dragunov","wwe-smackdown-ilja-dragunov","1","1","WWE NXT UK Ilja Dragunov render","https://www.deviantart.com/vlysyuk/art/WWE-NXT-UK-Ilja-Dragunov-render-1336048015","vlysyuk","65",""
"Ilja Dragunov","wwe-smackdown-ilja-dragunov","1","2","Ilja Dragunov Ic Champion Render","https://www.deviantart.com/tdg129/art/Ilja-Dragunov-Ic-Champion-Render-1329846984","tdg129","65","belt/champion"
"Ilja Dragunov","wwe-smackdown-ilja-dragunov","1","3","Ilja Dragunov WWE Render PNG","https://www.deviantart.com/wwewomendaily/art/Ilja-Dragunov-WWE-Render-PNG-1310093480","wwewomendaily","65",""
"Roxanne Perez","wwe-raw-roxanne-perez","1","1","Roxanne Perez Render by yasuke4u","https://www.deviantart.com/yasuke4u/art/Roxanne-Perez-Render-by-yasuke4u-1309667388","yasuke4u","65",""
"Roxanne Perez","wwe-raw-roxanne-perez","1","2","Roxanne Perez Render by yasuke4u","https://www.deviantart.com/yasuke4u/art/Roxanne-Perez-Render-by-yasuke4u-1318413779","yasuke4u","65",""
"Roxanne Perez","wwe-raw-roxanne-perez","1","3","Roxanne Perez '26 Render","https://www.deviantart.com/xharlott/art/Roxanne-Perez-26-Render-1291248550","xharlott","65",""
"Trick Williams","wwe-smackdown-trick-williams","1","1","Trick Williams Render by yasuke4u","https://www.deviantart.com/yasuke4u/art/Trick-Williams-Render-by-yasuke4u-1319217811","yasuke4u","65",""
"Trick Williams","wwe-smackdown-trick-williams","1","2","Trick Williams '26 Render","https://www.deviantart.com/xharlott/art/Trick-Williams-26-Render-1308301368","xharlott","65",""
"Trick Williams","wwe-smackdown-trick-williams","1","3","WWE Trick Williams 2026 render","https://www.deviantart.com/vlysyuk/art/WWE-Trick-Williams-2026-render-1327369549","vlysyuk","65",""
"Mark Briscoe","aew-aew-mark-briscoe","1","1","AEW Mark Briscoe render","https://www.deviantart.com/vlysyuk/art/AEW-Mark-Briscoe-render-1172955525","vlysyuk","65",""
"Mark Briscoe","aew-aew-mark-briscoe","1","2","WWE 2K RENDER - MARK BRISCOE","https://www.deviantart.com/xlone2k/art/WWE-2K-RENDER-MARK-BRISCOE-1294512274","xlone2k","50",""
"Mark Briscoe","aew-aew-mark-briscoe","1","3","Mark Briscoe *OFFICIAL* AEW Render 2025","https://www.deviantart.com/wrestlerender/art/Mark-Briscoe-OFFICIAL-AEW-Render-2025-1181854703","wrestlerender","50",""
"Tommaso Ciampa","aew-aew-tommaso-ciampa","1","1","AEW Tommaso Ciampa Renders","https://www.deviantart.com/gamechanger2000/art/AEW-Tommaso-Ciampa-Renders-1328873259","gamechanger2000","65",""
"Tommaso Ciampa","aew-aew-tommaso-ciampa","1","2","WWE Tommaso Ciampa render 2024","https://www.deviantart.com/vlysyuk/art/WWE-Tommaso-Ciampa-render-2024-1074483696","vlysyuk","65",""
"Tommaso Ciampa","aew-aew-tommaso-ciampa","1","3","Tommaso Ciampa WWE Render PNG","https://www.deviantart.com/wwewomendaily/art/Tommaso-Ciampa-WWE-Render-PNG-931956891","wwewomendaily","65",""
"Christian Cage","aew-aew-christian-cage","1","1","AEW Christian Cage render","https://www.deviantart.com/vlysyuk/art/AEW-Christian-Cage-render-1092321235","vlysyuk","65",""
"Christian Cage","aew-aew-christian-cage","1","2","AEW Christian Cage Render PNG 2025","https://www.deviantart.com/probabiyhunter/art/AEW-Christian-Cage-Render-PNG-2025-1211074848","probabiyhunter","50",""
"Christian Cage","aew-aew-christian-cage","1","3","Christian Cage Render","https://www.deviantart.com/soulridergfx/art/Christian-Cage-Render-1030821768","soulridergfx","50",""
"El Grande Americano","wwe-raw-el-grande-americano","1","1","El Grande Americano Render by yasuke4u","https://www.deviantart.com/yasuke4u/art/El-Grande-Americano-Render-by-yasuke4u-1319217895","yasuke4u","65",""
"El Grande Americano","wwe-raw-el-grande-americano","1","2","Original El Grande Americano Render by yasuke4u","https://www.deviantart.com/yasuke4u/art/Original-El-Grande-Americano-Render-by-yasuke4u-1319217910","yasuke4u","65",""
"El Grande Americano","wwe-raw-el-grande-americano","1","3","WWE Original El Grande Americano 2026 render","https://www.deviantart.com/vlysyuk/art/WWE-Original-El-Grande-Americano-2026-render-1313112757","vlysyuk","65",""
"Matt Jackson","aew-aew-matt-jackson","1","1","WWE 2K RENDER - MATT JACKSON","https://www.deviantart.com/xlone2k/art/WWE-2K-RENDER-MATT-JACKSON-1291701559","xlone2k","50",""
"Matt Jackson","aew-aew-matt-jackson","1","2","WWE 2K RENDER - MATT JACKSON","https://www.deviantart.com/xlone2k/art/WWE-2K-RENDER-MATT-JACKSON-1291701652","xlone2k","50",""
"Matt Jackson","aew-aew-matt-jackson","1","3","WWE 2K RENDER - MATT JACKSON","https://www.deviantart.com/xlone2k/art/WWE-2K-RENDER-MATT-JACKSON-1291702155","xlone2k","50",""
"Nick Jackson","aew-aew-nick-jackson","1","1","WWE 2K RENDER - NICK JACKSON","https://www.deviantart.com/xlone2k/art/WWE-2K-RENDER-NICK-JACKSON-1291702092","xlone2k","50",""
"Nick Jackson","aew-aew-nick-jackson","1","2","WWE 2K RENDER - NICK JACKSON","https://www.deviantart.com/xlone2k/art/WWE-2K-RENDER-NICK-JACKSON-1291701783","xlone2k","50",""
"Nick Jackson","aew-aew-nick-jackson","1","3","WWE 2K RENDER - NICK JACKSON","https://www.deviantart.com/xlone2k/art/WWE-2K-RENDER-NICK-JACKSON-1291701888","xlone2k","50",""
"Original El Grande Americano","wwe-raw-original-el-grande-americano","1","1","Original El Grande Americano Render by yasuke4u","https://www.deviantart.com/yasuke4u/art/Original-El-Grande-Americano-Render-by-yasuke4u-1319217910","yasuke4u","65",""
"Original El Grande Americano","wwe-raw-original-el-grande-americano","1","2","WWE Original El Grande Americano 2026 render","https://www.deviantart.com/vlysyuk/art/WWE-Original-El-Grande-Americano-2026-render-1313112757","vlysyuk","65",""
"Original El Grande Americano","wwe-raw-original-el-grande-americano","1","3","Original El Grande Americano *OFFICIAL* WWE render","https://www.deviantart.com/babuguuscooties/art/Original-El-Grande-Americano-OFFICIAL-WWE-render-1313539188","babuguuscooties","65",""
"Solo Sikoa","wwe-smackdown-solo-sikoa","2","1","WWE Solo Sikoa US Champion PNG Render 2025","https://www.deviantart.com/yanrtbtn/art/WWE-Solo-Sikoa-US-Champion-PNG-Render-2025-1233446987","yanrtbtn","65","belt/champion"
"Solo Sikoa","wwe-smackdown-solo-sikoa","2","2","WWE Solo Sikoa 2026 render","https://www.deviantart.com/vlysyuk/art/WWE-Solo-Sikoa-2026-render-1311815599","vlysyuk","65",""
"Solo Sikoa","wwe-smackdown-solo-sikoa","2","3","Solo Sikoa 2025 Render","https://www.deviantart.com/gamechanger2000/art/Solo-Sikoa-2025-Render-1205056406","gamechanger2000","65",""
"Rey Mysterio","wwe-raw-rey-mysterio","1","1","WWE Rey Mysterio PNG Render 2025","https://www.deviantart.com/yanrtbtn/art/WWE-Rey-Mysterio-PNG-Render-2025-1162713466","yanrtbtn","65",""
"Rey Mysterio","wwe-raw-rey-mysterio","1","2","Rey Mysterio '26 Render","https://www.deviantart.com/xharlott/art/Rey-Mysterio-26-Render-1289593023","xharlott","65",""
"Rey Mysterio","wwe-raw-rey-mysterio","1","3","Rey Mysterio WM42 Render","https://www.deviantart.com/xharlott/art/Rey-Mysterio-WM42-Render-1324362781","xharlott","65",""
"Athena","aew-aew-athena","1","1","Athena Render by yasuke4u","https://www.deviantart.com/yasuke4u/art/Athena-Render-by-yasuke4u-1302178687","yasuke4u","65",""
"Athena","aew-aew-athena","1","2","Athena Render by yasuke4u","https://www.deviantart.com/yasuke4u/art/Athena-Render-by-yasuke4u-1310800323","yasuke4u","65",""
"Athena","aew-aew-athena","1","3","Athena Render by yasuke4u","https://www.deviantart.com/yasuke4u/art/Athena-Render-by-yasuke4u-1291724994","yasuke4u","65",""
"Hikaru Shida","aew-aew-hikaru-shida","1","1","Hikaru Shida Render by yasuke4u","https://www.deviantart.com/yasuke4u/art/Hikaru-Shida-Render-by-yasuke4u-1290761914","yasuke4u","65",""
"Hikaru Shida","aew-aew-hikaru-shida","1","2","Hikaru Shida Render by yasuke4u","https://www.deviantart.com/yasuke4u/art/Hikaru-Shida-Render-by-yasuke4u-1291725147","yasuke4u","65",""
"Hikaru Shida","aew-aew-hikaru-shida","1","3","Hikaru Shida AEW 2026 Render","https://www.deviantart.com/ihammertg/art/Hikaru-Shida-AEW-2026-Render-1324123172","ihammertg","50",""
"Jamie Hayter","aew-aew-jamie-hayter","1","1","Jamie Hayter Render by yasuke4u","https://www.deviantart.com/yasuke4u/art/Jamie-Hayter-Render-by-yasuke4u-1319596932","yasuke4u","65",""
"Jamie Hayter","aew-aew-jamie-hayter","1","2","Jamie Hayter Render by yasuke4u","https://www.deviantart.com/yasuke4u/art/Jamie-Hayter-Render-by-yasuke4u-1311603415","yasuke4u","65",""
"Jamie Hayter","aew-aew-jamie-hayter","1","3","Jamie Hayter Render by yasuke4u","https://www.deviantart.com/yasuke4u/art/Jamie-Hayter-Render-by-yasuke4u-1311603429","yasuke4u","65",""
"Kris Statlander","aew-aew-kris-statlander","1","1","Kris Statlander AEW Render 2025","https://www.deviantart.com/ykprihodilo/art/Kris-Statlander-AEW-Render-2025-1243870485","ykprihodilo","65",""
"Kris Statlander","aew-aew-kris-statlander","1","2","Kris Statlander Render by yasuke4u","https://www.deviantart.com/yasuke4u/art/Kris-Statlander-Render-by-yasuke4u-1291725293","yasuke4u","65",""
"Kris Statlander","aew-aew-kris-statlander","1","3","AEW Kris Statlander render","https://www.deviantart.com/vlysyuk/art/AEW-Kris-Statlander-render-1172955060","vlysyuk","65",""
"Thunder Rosa","aew-aew-thunder-rosa","1","1","Thunder Rosa Render by yasuke4u","https://www.deviantart.com/yasuke4u/art/Thunder-Rosa-Render-by-yasuke4u-1303828375","yasuke4u","65",""
"Thunder Rosa","aew-aew-thunder-rosa","1","2","Thunder Rosa New AEW Render","https://www.deviantart.com/dmtaco/art/Thunder-Rosa-New-AEW-Render-1306827521","dmtaco","50",""
"Thunder Rosa","aew-aew-thunder-rosa","1","3","Thunder Rosa Render 10","https://www.deviantart.com/replayscreen/art/Thunder-Rosa-Render-10-1233227207","replayscreen","50",""
"Ethan Page","wwe-raw-ethan-page","1","1","Ethan Page Render by yasuke4u","https://www.deviantart.com/yasuke4u/art/Ethan-Page-Render-by-yasuke4u-1319217973","yasuke4u","65",""
"Ethan Page","wwe-raw-ethan-page","1","2","Ethan Page WWE Render PNG","https://www.deviantart.com/wwewomendaily/art/Ethan-Page-WWE-Render-PNG-1204650419","wwewomendaily","65",""
"Ethan Page","wwe-raw-ethan-page","1","3","Ethan Page WWE Render PNG","https://www.deviantart.com/wwewomendaily/art/Ethan-Page-WWE-Render-PNG-1204344418","wwewomendaily","65",""
"Carmelo Hayes","wwe-smackdown-carmelo-hayes","1","1","WWE Carmelo Hayes 2026 render","https://www.deviantart.com/vlysyuk/art/WWE-Carmelo-Hayes-2026-render-1304589076","vlysyuk","65",""
"Carmelo Hayes","wwe-smackdown-carmelo-hayes","1","2","Carmelo Hayes WWE Render 2024-2026","https://www.deviantart.com/ykprihodilo/art/Carmelo-Hayes-WWE-Render-2024-2026-1289981074","ykprihodilo","65",""
"Carmelo Hayes","wwe-smackdown-carmelo-hayes","1","3","WWE *OFFICIAL* Carmelo Hayes Render!","https://www.deviantart.com/cxpv1dz/art/WWE-OFFICIAL-Carmelo-Hayes-Render-1304194023","cxpv1dz","65",""
"Konosuke Takeshita","aew-aew-konosuke-takeshita","1","1","Konosuke Takeshita Render","https://www.deviantart.com/xharlott/art/Konosuke-Takeshita-Render-1339232299","xharlott","65",""
"Konosuke Takeshita","aew-aew-konosuke-takeshita","1","2","AEW Konosuke Takeshita render","https://www.deviantart.com/vlysyuk/art/AEW-Konosuke-Takeshita-render-1172954918","vlysyuk","65",""
"Konosuke Takeshita","aew-aew-konosuke-takeshita","1","3","Konosuke takeshita aew Render 2026 internacional c","https://www.deviantart.com/lenxrend/art/Konosuke-takeshita-aew-Render-2026-internacional-c-1337365518","lenxrend","50",""
"Austin Theory","wwe-raw-austin-theory","1","1","Austin Theory Render by yasuke4u","https://www.deviantart.com/yasuke4u/art/Austin-Theory-Render-by-yasuke4u-1319217960","yasuke4u","65",""
"Austin Theory","wwe-raw-austin-theory","1","2","Austin Theory WWE Render PNG","https://www.deviantart.com/wwewomendaily/art/Austin-Theory-WWE-Render-PNG-1278342678","wwewomendaily","65",""
"Austin Theory","wwe-raw-austin-theory","1","3","Austin Theory '26 Render","https://www.deviantart.com/xharlott/art/Austin-Theory-26-Render-1290046694","xharlott","65",""
"Kyle Fletcher","aew-aew-kyle-fletcher","1","1","Kyle Fletcher Render by yasuke4u","https://www.deviantart.com/yasuke4u/art/Kyle-Fletcher-Render-by-yasuke4u-1312123616","yasuke4u","65",""
"Kyle Fletcher","aew-aew-kyle-fletcher","1","2","Kyle Fletcher Render by yasuke4u","https://www.deviantart.com/yasuke4u/art/Kyle-Fletcher-Render-by-yasuke4u-1312123623","yasuke4u","65",""
"Kyle Fletcher","aew-aew-kyle-fletcher","1","3","Kyle Fletcher Render by yasuke4u","https://www.deviantart.com/yasuke4u/art/Kyle-Fletcher-Render-by-yasuke4u-1294106174","yasuke4u","65",""
"Shelton Benjamin","aew-aew-shelton-benjamin","1","1","WWE Shelton Benjamin 2005 render","https://www.deviantart.com/vlysyuk/art/WWE-Shelton-Benjamin-2005-render-1296948634","vlysyuk","65",""
"Shelton Benjamin","aew-aew-shelton-benjamin","1","2","Shelton Benjamin WWE Render PNG","https://www.deviantart.com/wwewomendaily/art/Shelton-Benjamin-WWE-Render-PNG-955559505","wwewomendaily","65",""
"Shelton Benjamin","aew-aew-shelton-benjamin","1","3","Shelton Benjamin WWE Render PNG","https://www.deviantart.com/wwewomendaily/art/Shelton-Benjamin-WWE-Render-PNG-946647660","wwewomendaily","65",""
"Ricky Saints","wwe-smackdown-ricky-saints","1","1","Ricky Saints May '26 Render","https://www.deviantart.com/xharlott/art/Ricky-Saints-May-26-Render-1334000046","xharlott","65",""
"Ricky Saints","wwe-smackdown-ricky-saints","1","2","Ricky Saints WWE Render PNG","https://www.deviantart.com/wwewomendaily/art/Ricky-Saints-WWE-Render-PNG-1255223810","wwewomendaily","65",""
"Ricky Saints","wwe-smackdown-ricky-saints","1","3","Ricky Saints *CUSTOM* US champ render #3","https://www.deviantart.com/babuguuscooties/art/Ricky-Saints-CUSTOM-US-champ-render-3-1266844240","babuguuscooties","65",""
"Adam Cole","aew-aew-adam-cole","1","1","Adam Cole Render by yasuke4u","https://www.deviantart.com/yasuke4u/art/Adam-Cole-Render-by-yasuke4u-1312123602","yasuke4u","65",""
"Adam Cole","aew-aew-adam-cole","1","2","AEW Adam Cole render","https://www.deviantart.com/vlysyuk/art/AEW-Adam-Cole-render-1172952494","vlysyuk","65",""
"Adam Cole","aew-aew-adam-cole","1","3","WWE NXT Adam Cole 2018 render","https://www.deviantart.com/vlysyuk/art/WWE-NXT-Adam-Cole-2018-render-1154114156","vlysyuk","65",""
"Michin","wwe-smackdown-michin","1","1","Michin May '26 Render","https://www.deviantart.com/xharlott/art/Michin-May-26-Render-1334004538","xharlott","65",""
"Michin","wwe-smackdown-michin","1","2","Michin *OFFICIAL* WWE render '26","https://www.deviantart.com/babuguuscooties/art/Michin-OFFICIAL-WWE-render-26-1319585403","babuguuscooties","65",""
"Michin","wwe-smackdown-michin","1","3","WWE Michin 2026 render","https://www.deviantart.com/vlysyuk/art/WWE-Michin-2026-render-1319237711","vlysyuk","65",""
"R-Truth","wwe-smackdown-r-truth","1","1","WWE R-Truth 2026 render","https://www.deviantart.com/vlysyuk/art/WWE-R-Truth-2026-render-1320477391","vlysyuk","65",""
"R-Truth","wwe-smackdown-r-truth","1","2","WWE R-Truth render 2024","https://www.deviantart.com/vlysyuk/art/WWE-R-Truth-render-2024-1031978110","vlysyuk","65",""
"R-Truth","wwe-smackdown-r-truth","1","3","WWE R-Truth render","https://www.deviantart.com/vlysyuk/art/WWE-R-Truth-render-1048430470","vlysyuk","65",""
"The Miz","wwe-smackdown-the-miz","1","1","The Miz '22 Render","https://www.deviantart.com/xharlott/art/The-Miz-22-Render-1313492084","xharlott","65",""
"The Miz","wwe-smackdown-the-miz","1","2","The Miz '08 Render","https://www.deviantart.com/xharlott/art/The-Miz-08-Render-1338740861","xharlott","65",""
"The Miz","wwe-smackdown-the-miz","1","3","The Miz '09 Render","https://www.deviantart.com/xharlott/art/The-Miz-09-Render-1338710718","xharlott","65",""
"Jordynne Grace","wwe-smackdown-jordynne-grace","1","1","WWE Jordynne Grace PNG Render 2025","https://www.deviantart.com/yanrtbtn/art/WWE-Jordynne-Grace-PNG-Render-2025-1154587268","yanrtbtn","65",""
"Jordynne Grace","wwe-smackdown-jordynne-grace","1","2","Jordynne Grace Render by yasuke4u","https://www.deviantart.com/yasuke4u/art/Jordynne-Grace-Render-by-yasuke4u-1318937310","yasuke4u","65",""
"Jordynne Grace","wwe-smackdown-jordynne-grace","1","3","Jordynne Grace *OFFICIAL* WWE render","https://www.deviantart.com/babuguuscooties/art/Jordynne-Grace-OFFICIAL-WWE-render-1298849107","babuguuscooties","65",""
"Lash Legend","wwe-smackdown-lash-legend","1","1","Lash Legend WWE Render 2025-2026","https://www.deviantart.com/ykprihodilo/art/Lash-Legend-WWE-Render-2025-2026-1285205533","ykprihodilo","65",""
"Lash Legend","wwe-smackdown-lash-legend","1","2","Custom Lash Legend Render!","https://www.deviantart.com/cxpv1dz/art/Custom-Lash-Legend-Render-1304193436","cxpv1dz","65",""
"Lash Legend","wwe-smackdown-lash-legend","1","3","Lash Legend WWE Render PNG","https://www.deviantart.com/wwewomendaily/art/Lash-Legend-WWE-Render-PNG-1173153740","wwewomendaily","65",""
"Dr. Britt Baker, D.M.D.","aew-aew-dr-britt-baker-d-m-d","1","1","Britt Baker D.M.D. Render by yasuke4u","https://www.deviantart.com/yasuke4u/art/Britt-Baker-D-M-D-Render-by-yasuke4u-1292373066","yasuke4u","65",""
"Dr. Britt Baker, D.M.D.","aew-aew-dr-britt-baker-d-m-d","1","2","Britt Baker Render by sttormzero","https://www.deviantart.com/sttormzero/art/Britt-Baker-Render-by-sttormzero-1286424503","sttormzero","50",""
"Dr. Britt Baker, D.M.D.","aew-aew-dr-britt-baker-d-m-d","1","3","Britt Baker Render","https://www.deviantart.com/novarc99/art/Britt-Baker-Render-1045450231","novarc99","50",""
"""Timeless"" Toni Storm","aew-aew-timeless-toni-storm","1","1","WWE NXT UK Toni Storm render","https://www.deviantart.com/vlysyuk/art/WWE-NXT-UK-Toni-Storm-render-1336793631","vlysyuk","65",""
"""Timeless"" Toni Storm","aew-aew-timeless-toni-storm","1","2","WWE NXT UK Toni Storm render","https://www.deviantart.com/vlysyuk/art/WWE-NXT-UK-Toni-Storm-render-1336793463","vlysyuk","65",""
"""Timeless"" Toni Storm","aew-aew-timeless-toni-storm","1","3","Toni Storm Render by yasuke4u","https://www.deviantart.com/yasuke4u/art/Toni-Storm-Render-by-yasuke4u-1269216841","yasuke4u","65",""
"Montez Ford","wwe-raw-montez-ford","1","1","Montez Ford WWE Render PNG","https://www.deviantart.com/wwewomendaily/art/Montez-Ford-WWE-Render-PNG-1288962050","wwewomendaily","65",""
"Montez Ford","wwe-raw-montez-ford","1","2","Montez Ford WWE Render PNG","https://www.deviantart.com/wwewomendaily/art/Montez-Ford-WWE-Render-PNG-1203827896","wwewomendaily","65",""
"Montez Ford","wwe-raw-montez-ford","1","3","Montez Ford WWE Render PNG","https://www.deviantart.com/wwewomendaily/art/Montez-Ford-WWE-Render-PNG-1203829081","wwewomendaily","65",""
"Jacy Jayne","wwe-smackdown-jacy-jayne","1","1","Jacy Jayne Render by yasuke4u","https://www.deviantart.com/yasuke4u/art/Jacy-Jayne-Render-by-yasuke4u-1319596997","yasuke4u","65",""
"Jacy Jayne","wwe-smackdown-jacy-jayne","1","2","Jacy Jayne '25 Render","https://www.deviantart.com/xharlott/art/Jacy-Jayne-25-Render-1288428845","xharlott","65",""
"Jacy Jayne","wwe-smackdown-jacy-jayne","1","3","Jacy Jayne WWE Render 2026","https://www.deviantart.com/ykprihodilo/art/Jacy-Jayne-WWE-Render-2026-1335063706","ykprihodilo","65",""
"Kelani Jordan","wwe-nxt-kelani-jordan","1","1","WWE NXT Kelani Jordan 2026 render","https://www.deviantart.com/vlysyuk/art/WWE-NXT-Kelani-Jordan-2026-render-1332428916","vlysyuk","65",""
"Kelani Jordan","wwe-nxt-kelani-jordan","1","2","Kelani Jordan 2026 Render WWE NXT","https://www.deviantart.com/line2j/art/Kelani-Jordan-2026-Render-WWE-NXT-1300818223","line2j","65",""
"Kelani Jordan","wwe-nxt-kelani-jordan","1","3","Kelani Jordan *NEW* NXT render '26","https://www.deviantart.com/babuguuscooties/art/Kelani-Jordan-NEW-NXT-render-26-1332629649","babuguuscooties","65",""
"Dragon Lee","wwe-raw-dragon-lee","1","1","Dragon Lee Render by yasuke4u","https://www.deviantart.com/yasuke4u/art/Dragon-Lee-Render-by-yasuke4u-1299454985","yasuke4u","65",""
"Dragon Lee","wwe-raw-dragon-lee","1","2","Dragon Lee WM42 Render","https://www.deviantart.com/xharlott/art/Dragon-Lee-WM42-Render-1326611211","xharlott","65",""
"Dragon Lee","wwe-raw-dragon-lee","1","3","Dragon Lee Render 2025","https://www.deviantart.com/renderzgalore/art/Dragon-Lee-Render-2025-1179369027","renderzgalore","65",""
"JD McDonagh","wwe-raw-jd-mcdonagh","1","1","JD McDonagh Render by yasuke4u","https://www.deviantart.com/yasuke4u/art/JD-McDonagh-Render-by-yasuke4u-1319217865","yasuke4u","65",""
"JD McDonagh","wwe-raw-jd-mcdonagh","1","2","JD McDonagh WWE Render PNG","https://www.deviantart.com/wwewomendaily/art/JD-McDonagh-WWE-Render-PNG-1235108028","wwewomendaily","65",""
"JD McDonagh","wwe-raw-jd-mcdonagh","1","3","WWE JD McDonagh PNG Render 2025","https://www.deviantart.com/yanrtbtn/art/WWE-JD-McDonagh-PNG-Render-2025-1200371546","yanrtbtn","65",""
"Tony D'Angelo","wwe-nxt-tony-d-angelo","1","1","Tony DAngelo WWE Render PNG","https://www.deviantart.com/wwewomendaily/art/Tony-DAngelo-WWE-Render-PNG-1173389125","wwewomendaily","65",""
"Tony D'Angelo","wwe-nxt-tony-d-angelo","1","2","Tony DAngelo WWE Render PNG","https://www.deviantart.com/wwewomendaily/art/Tony-DAngelo-WWE-Render-PNG-973031451","wwewomendaily","65",""
"Tony D'Angelo","wwe-nxt-tony-d-angelo","1","3","Tony DAngelo WWE Render PNG","https://www.deviantart.com/wwewomendaily/art/Tony-DAngelo-WWE-Render-PNG-958788431","wwewomendaily","65",""
"Angelo Dawkins","wwe-raw-angelo-dawkins","1","1","WWE Angelo Dawkins Render 2024","https://www.deviantart.com/yanrtbtn/art/WWE-Angelo-Dawkins-Render-2024-1073518131","yanrtbtn","65",""
"Angelo Dawkins","wwe-raw-angelo-dawkins","1","2","Angelo Dawkins WWE Render PNG","https://www.deviantart.com/wwewomendaily/art/Angelo-Dawkins-WWE-Render-PNG-1203827638","wwewomendaily","65",""
"Angelo Dawkins","wwe-raw-angelo-dawkins","1","3","WWE Angelo Dawkins 2025 render","https://www.deviantart.com/vlysyuk/art/WWE-Angelo-Dawkins-2025-render-1182585873","vlysyuk","65",""
"Je'Von Evans","wwe-raw-je-von-evans","1","1","Jevon Evans Render by yasuke4u","https://www.deviantart.com/yasuke4u/art/Jevon-Evans-Render-by-yasuke4u-1319217831","yasuke4u","65",""
"Je'Von Evans","wwe-raw-je-von-evans","1","2","Wwe jevon evans render","https://www.deviantart.com/dillonclay5/art/Wwe-jevon-evans-render-1295211585","dillonclay5","50",""
"Je'Von Evans","wwe-raw-je-von-evans","1","3","JeVon Evans render","https://www.deviantart.com/danteofshadows/art/JeVon-Evans-render-1178090008","danteofshadows","50",""
"Blake Monroe","wwe-smackdown-blake-monroe","1","1","Blake Monroe Render by yasuke4u","https://www.deviantart.com/yasuke4u/art/Blake-Monroe-Render-by-yasuke4u-1318413717","yasuke4u","65",""
"Blake Monroe","wwe-smackdown-blake-monroe","1","2","Custom Blake Monroe WWE Render PNG","https://www.deviantart.com/wwewomendaily/art/Custom-Blake-Monroe-WWE-Render-PNG-1240219288","wwewomendaily","65",""
"Blake Monroe","wwe-smackdown-blake-monroe","1","3","Blake Monroe Render by yasuke4u","https://www.deviantart.com/yasuke4u/art/Blake-Monroe-Render-by-yasuke4u-1305064340","yasuke4u","65",""
"Fallon Henley","wwe-smackdown-fallon-henley","1","1","Fallon Henley '25 Render","https://www.deviantart.com/xharlott/art/Fallon-Henley-25-Render-1288545556","xharlott","65",""
"Fallon Henley","wwe-smackdown-fallon-henley","1","2","WWE NXT Fallon Henley 2026 render","https://www.deviantart.com/vlysyuk/art/WWE-NXT-Fallon-Henley-2026-render-1287899101","vlysyuk","65",""
"Fallon Henley","wwe-smackdown-fallon-henley","1","3","WWE Fallon Henley PNG Render 2026","https://www.deviantart.com/yanrtbtn/art/WWE-Fallon-Henley-PNG-Render-2026-1322872394","yanrtbtn","65",""
"Lola Vice","wwe-nxt-lola-vice","1","1","Lola Vice Render by yasuke4u","https://www.deviantart.com/yasuke4u/art/Lola-Vice-Render-by-yasuke4u-1316537752","yasuke4u","65",""
"Lola Vice","wwe-nxt-lola-vice","1","2","Lola Vice '26 Render","https://www.deviantart.com/xharlott/art/Lola-Vice-26-Render-1316451404","xharlott","65",""
"Lola Vice","wwe-nxt-lola-vice","1","3","WWE NXT Lola Vice 2026 render","https://www.deviantart.com/vlysyuk/art/WWE-NXT-Lola-Vice-2026-render-1320477251","vlysyuk","65",""
"Maxxine Dupri","wwe-raw-maxxine-dupri","1","1","Maxxine Dupri WWE Render PNG","https://www.deviantart.com/wwewomendaily/art/Maxxine-Dupri-WWE-Render-PNG-994107449","wwewomendaily","65",""
"Maxxine Dupri","wwe-raw-maxxine-dupri","1","2","Custom Maxxine Dupri render!","https://www.deviantart.com/cxpv1dz/art/Custom-Maxxine-Dupri-render-1265563329","cxpv1dz","65",""
"Maxxine Dupri","wwe-raw-maxxine-dupri","1","3","Custom Maxxine Dupri WWE Render PNG","https://www.deviantart.com/wwewomendaily/art/Custom-Maxxine-Dupri-WWE-Render-PNG-1239519012","wwewomendaily","65",""
"Hank Walker","wwe-nxt-hank-walker","1","1","WWE Hank Walker PNG Render 2026","https://www.deviantart.com/yanrtbtn/art/WWE-Hank-Walker-PNG-Render-2026-1319648921","yanrtbtn","65",""
"Hank Walker","wwe-nxt-hank-walker","1","2","WWE NXT Hank Walker 2026 render","https://www.deviantart.com/vlysyuk/art/WWE-NXT-Hank-Walker-2026-render-1319628218","vlysyuk","65",""
"Hank Walker","wwe-nxt-hank-walker","1","3","Hank Walker *OFFICIAL* NXT render '25","https://www.deviantart.com/babuguuscooties/art/Hank-Walker-OFFICIAL-NXT-render-25-1132409101","babuguuscooties","65",""
"Tank Ledger","wwe-nxt-tank-ledger","1","1","WWE NXT Tank Ledger 2026 render","https://www.deviantart.com/vlysyuk/art/WWE-NXT-Tank-Ledger-2026-render-1319628691","vlysyuk","65",""
"Tank Ledger","wwe-nxt-tank-ledger","1","2","Tank Ledger WWE NXT Render 2025","https://www.deviantart.com/ykprihodilo/art/Tank-Ledger-WWE-NXT-Render-2025-1213315351","ykprihodilo","65",""
"Tank Ledger","wwe-nxt-tank-ledger","1","3","WWE Tank Ledger PNG Render 2026","https://www.deviantart.com/yanrtbtn/art/WWE-Tank-Ledger-PNG-Render-2026-1319649844","yanrtbtn","65",""
"Ivar","wwe-raw-ivar","1","1","Ivar *OFFICIAL* WWE render '25","https://www.deviantart.com/babuguuscooties/art/Ivar-OFFICIAL-WWE-render-25-1213638322","babuguuscooties","65",""
"Ivar","wwe-raw-ivar","1","2","Ivar *OFFICIAL* WWE render '22","https://www.deviantart.com/babuguuscooties/art/Ivar-OFFICIAL-WWE-render-22-923163304","babuguuscooties","65",""
"Ivar","wwe-raw-ivar","1","3","Ivar *NEW* render 2020","https://www.deviantart.com/babuguuscooties/art/Ivar-NEW-render-2020-829835613","babuguuscooties","65",""
"Jaida Parker","wwe-nxt-jaida-parker","1","1","Jaida Parker *OFFICIAL* NXT render '25","https://www.deviantart.com/babuguuscooties/art/Jaida-Parker-OFFICIAL-NXT-render-25-1162836897","babuguuscooties","65",""
"Jaida Parker","wwe-nxt-jaida-parker","1","2","Jaida Parker *OFFICIAL* NXT render '24","https://www.deviantart.com/babuguuscooties/art/Jaida-Parker-OFFICIAL-NXT-render-24-1035473483","babuguuscooties","65",""
"Jaida Parker","wwe-nxt-jaida-parker","1","3","WWE Jaida Parker 2024 render","https://www.deviantart.com/vlysyuk/art/WWE-Jaida-Parker-2024-render-1040737585","vlysyuk","65",""
"Sol Ruca","wwe-raw-sol-ruca","1","1","Sol Ruca *OFFICIAL* NXT render '26","https://www.deviantart.com/babuguuscooties/art/Sol-Ruca-OFFICIAL-NXT-render-26-1276501454","babuguuscooties","65",""
"Sol Ruca","wwe-raw-sol-ruca","1","2","Sol Ruca WWE NXT Render","https://www.deviantart.com/ykprihodilo/art/Sol-Ruca-WWE-NXT-Render-1164657545","ykprihodilo","65",""
"Sol Ruca","wwe-raw-sol-ruca","1","3","Custom Sol Ruca Saudi Arabia Render!","https://www.deviantart.com/cxpv1dz/art/Custom-Sol-Ruca-Saudi-Arabia-Render-1293290849","cxpv1dz","65",""
"Erik","wwe-raw-erik","1","1","WWE Erik Render PNG 2025","https://www.deviantart.com/yanrtbtn/art/WWE-Erik-Render-PNG-2025-1213618964","yanrtbtn","65",""
"Erik","wwe-raw-erik","1","2","Erik *NEW* render 2020","https://www.deviantart.com/babuguuscooties/art/Erik-NEW-render-2020-829835588","babuguuscooties","65",""
"Erik","wwe-raw-erik","1","3","Erik *OFFICIAL* WWE render '25","https://www.deviantart.com/babuguuscooties/art/Erik-OFFICIAL-WWE-render-25-1213638348","babuguuscooties","65",""
"Noam Dar","wwe-nxt-noam-dar","1","1","WWE NXT Noam Dar 2026 render","https://www.deviantart.com/vlysyuk/art/WWE-NXT-Noam-Dar-2026-render-1339004483","vlysyuk","65",""
"Noam Dar","wwe-nxt-noam-dar","1","2","Noam Dar *OFFICIAL* NXT render '26","https://www.deviantart.com/babuguuscooties/art/Noam-Dar-OFFICIAL-NXT-render-26-1339061206","babuguuscooties","65",""
"Noam Dar","wwe-nxt-noam-dar","1","3","WWE Noam Dar PNG Render 2026","https://www.deviantart.com/yanrtbtn/art/WWE-Noam-Dar-PNG-Render-2026-1339094643","yanrtbtn","65",""
"Ivy Nile","wwe-raw-ivy-nile","1","1","Ivy Nile Render by yasuke4u","https://www.deviantart.com/yasuke4u/art/Ivy-Nile-Render-by-yasuke4u-1318413788","yasuke4u","65",""
"Ivy Nile","wwe-raw-ivy-nile","1","2","Ivy Nile WWE Render PNG","https://www.deviantart.com/wwewomendaily/art/Ivy-Nile-WWE-Render-PNG-1173025375","wwewomendaily","65",""
"Ivy Nile","wwe-raw-ivy-nile","1","3","Ivy Nile WWE Render PNG","https://www.deviantart.com/wwewomendaily/art/Ivy-Nile-WWE-Render-PNG-1161963608","wwewomendaily","65",""
"Izzi Dame","wwe-nxt-izzi-dame","1","1","Izzi Dame Render by yasuke4u","https://www.deviantart.com/yasuke4u/art/Izzi-Dame-Render-by-yasuke4u-1317865868","yasuke4u","65",""
"Izzi Dame","wwe-nxt-izzi-dame","1","2","Izzi Dame Render by yasuke4u","https://www.deviantart.com/yasuke4u/art/Izzi-Dame-Render-by-yasuke4u-1317811313","yasuke4u","65",""
"Izzi Dame","wwe-nxt-izzi-dame","1","3","WWE Izzi Dame PNG Render 2026","https://www.deviantart.com/yanrtbtn/art/WWE-Izzi-Dame-PNG-Render-2026-1325344032","yanrtbtn","65",""
"Hologram","aew-aew-hologram","1","1","WWE 2K RENDER - HOLOGRAM","https://www.deviantart.com/xlone2k/art/WWE-2K-RENDER-HOLOGRAM-1294020065","xlone2k","50",""
"Hologram","aew-aew-hologram","1","2","WWE 2K RENDER - HOLOGRAM","https://www.deviantart.com/xlone2k/art/WWE-2K-RENDER-HOLOGRAM-1294019952","xlone2k","50",""
"Hologram","aew-aew-hologram","1","3","Harbinger (ME Remake, Hologram) Render","https://www.deviantart.com/sc2hayasuiarts/art/Harbinger-ME-Remake-Hologram-Render-1063025498","sc2hayasuiarts","50",""
"Brutus Creed","wwe-raw-brutus-creed","1","1","Brutus Creed 2026 Render","https://www.deviantart.com/gamechanger2000/art/Brutus-Creed-2026-Render-1308579140","gamechanger2000","65",""
"Brutus Creed","wwe-raw-brutus-creed","1","2","Brutus Creed WWE Render 2025","https://www.deviantart.com/ykprihodilo/art/Brutus-Creed-WWE-Render-2025-1210012474","ykprihodilo","65",""
"Brutus Creed","wwe-raw-brutus-creed","1","3","Brutus Creed *OFFICIAL* WWE render '26","https://www.deviantart.com/babuguuscooties/art/Brutus-Creed-OFFICIAL-WWE-render-26-1297059841","babuguuscooties","65",""
"Johnny Gargano","wwe-smackdown-johnny-gargano","1","1","Johnny Gargano WWE Render PNG","https://www.deviantart.com/wwewomendaily/art/Johnny-Gargano-WWE-Render-PNG-1235843428","wwewomendaily","65",""
"Johnny Gargano","wwe-smackdown-johnny-gargano","1","2","Johnny Gargano WWE Render PNG","https://www.deviantart.com/wwewomendaily/art/Johnny-Gargano-WWE-Render-PNG-1025513202","wwewomendaily","65",""
"Johnny Gargano","wwe-smackdown-johnny-gargano","1","3","Johnny Gargano WWE Render 2025","https://www.deviantart.com/ykprihodilo/art/Johnny-Gargano-WWE-Render-2025-1230197169","ykprihodilo","65",""
"Charlie Dempsey","wwe-nxt-charlie-dempsey","1","1","Charlie Dempsey *OFFICIAL* NXT render '26","https://www.deviantart.com/babuguuscooties/art/Charlie-Dempsey-OFFICIAL-NXT-render-26-1339061254","babuguuscooties","65",""
"Charlie Dempsey","wwe-nxt-charlie-dempsey","1","2","WWE NXT Charlie Dempsey 2026 render","https://www.deviantart.com/vlysyuk/art/WWE-NXT-Charlie-Dempsey-2026-render-1339004231","vlysyuk","65",""
"Charlie Dempsey","wwe-nxt-charlie-dempsey","1","3","WWE Charlie Dempsey PNG Render 2026","https://www.deviantart.com/yanrtbtn/art/WWE-Charlie-Dempsey-PNG-Render-2026-1339094783","yanrtbtn","65",""
"Buddy Matthews","aew-aew-buddy-matthews","1","1","Buddy Matthews 2026 Render png","https://www.deviantart.com/dunktheclown/art/Buddy-Matthews-2026-Render-png-1286184034","dunktheclown","50",""
"Buddy Matthews","aew-aew-buddy-matthews","1","2","WWE 2K RENDER - BUDDY MATTHEWS","https://www.deviantart.com/xlone2k/art/WWE-2K-RENDER-BUDDY-MATTHEWS-1292136938","xlone2k","50",""
"Buddy Matthews","aew-aew-buddy-matthews","1","3","Buddy Matthews NXT Champion Render #2","https://www.deviantart.com/crossedhero/art/Buddy-Matthews-NXT-Champion-Render-2-961893050","crossedhero","50","belt/champion"
"Jake Doyle","aew-aew-jake-doyle","1","1","Jake Doyle Render 4","https://www.deviantart.com/replayscreen/art/Jake-Doyle-Render-4-1306065722","replayscreen","50",""
"Jake Doyle","aew-aew-jake-doyle","1","2","Jake Doyle Render","https://www.deviantart.com/replayscreen/art/Jake-Doyle-Render-1306065441","replayscreen","50",""
"Jake Doyle","aew-aew-jake-doyle","1","3","Jake Doyle Render 3","https://www.deviantart.com/replayscreen/art/Jake-Doyle-Render-3-1306065655","replayscreen","50",""
"Kota Ibushi","aew-aew-kota-ibushi","1","1","Kota Ibushi Render","https://www.deviantart.com/xharlott/art/Kota-Ibushi-Render-1285939014","xharlott","65",""
"Kota Ibushi","aew-aew-kota-ibushi","1","2","Kota Ibushi AEW 2023 Render","https://www.deviantart.com/goldystormwwe/art/Kota-Ibushi-AEW-2023-Render-1213849789","goldystormwwe","50",""
"Kota Ibushi","aew-aew-kota-ibushi","1","3","KOTA IBUSHI CAMPEON TAG RENDER","https://www.deviantart.com/aob-studios/art/KOTA-IBUSHI-CAMPEON-TAG-RENDER-975015078","aob-studios","50",""
"Myles Borne","wwe-nxt-myles-borne","1","1","Custom Myles Borne render!","https://www.deviantart.com/cxpv1dz/art/Custom-Myles-Borne-render-1303015696","cxpv1dz","65",""
"Myles Borne","wwe-nxt-myles-borne","1","2","WWE NXT Myles Borne 2026 render","https://www.deviantart.com/vlysyuk/art/WWE-NXT-Myles-Borne-2026-render-1316382226","vlysyuk","65",""
"Myles Borne","wwe-nxt-myles-borne","1","3","Myles Borne 2025 Render WWE NXT","https://www.deviantart.com/line2j/art/Myles-Borne-2025-Render-WWE-NXT-1268599038","line2j","65",""
"Nathan Frazer","wwe-smackdown-nathan-frazer","1","1","Nathan Frazer *OFFICIAL* WWE render '25","https://www.deviantart.com/babuguuscooties/art/Nathan-Frazer-OFFICIAL-WWE-render-25-1229833684","babuguuscooties","65",""
"Nathan Frazer","wwe-smackdown-nathan-frazer","1","2","WWE Nathan Frazer 2024 render","https://www.deviantart.com/vlysyuk/art/WWE-Nathan-Frazer-2024-render-1042427099","vlysyuk","65",""
"Nathan Frazer","wwe-smackdown-nathan-frazer","1","3","WWE Axiom and Nathan Frazer render","https://www.deviantart.com/vlysyuk/art/WWE-Axiom-and-Nathan-Frazer-render-1040978222","vlysyuk","65",""
"Axiom","wwe-smackdown-axiom","1","1","Axiom *OFFICIAL* WWE render '26","https://www.deviantart.com/babuguuscooties/art/Axiom-OFFICIAL-WWE-render-26-1285602422","babuguuscooties","65",""
"Axiom","wwe-smackdown-axiom","1","2","WWE Axiom 2024 render","https://www.deviantart.com/vlysyuk/art/WWE-Axiom-2024-render-1040978159","vlysyuk","65",""
"Axiom","wwe-smackdown-axiom","1","3","WWE Axiom 2026 render","https://www.deviantart.com/vlysyuk/art/WWE-Axiom-2026-render-1285426831","vlysyuk","65",""
"Josh Briggs","wwe-nxt-josh-briggs","1","1","Josh Briggs *OFFICIAL* NXT render '25","https://www.deviantart.com/babuguuscooties/art/Josh-Briggs-OFFICIAL-NXT-render-25-1182088358","babuguuscooties","65",""
"Josh Briggs","wwe-nxt-josh-briggs","1","2","Josh Briggs WWE NXT Render 2025","https://www.deviantart.com/ykprihodilo/art/Josh-Briggs-WWE-NXT-Render-2025-1234103589","ykprihodilo","65",""
"Josh Briggs","wwe-nxt-josh-briggs","1","3","WWE NXT Josh Briggs PNG Render 2025","https://www.deviantart.com/yanrtbtn/art/WWE-NXT-Josh-Briggs-PNG-Render-2025-1181989826","yanrtbtn","65",""
"Nikkita Lyons","wwe-nxt-nikkita-lyons","1","1","Nikkita Lyons Render by yasuke4u","https://www.deviantart.com/yasuke4u/art/Nikkita-Lyons-Render-by-yasuke4u-1309510582","yasuke4u","65",""
"Nikkita Lyons","wwe-nxt-nikkita-lyons","1","2","WWE NXT Nikkita Lyons 2026 render","https://www.deviantart.com/vlysyuk/art/WWE-NXT-Nikkita-Lyons-2026-render-1332429378","vlysyuk","65",""
"Nikkita Lyons","wwe-nxt-nikkita-lyons","1","3","WWE Nikkita Lyons PNG Render 2026","https://www.deviantart.com/yanrtbtn/art/WWE-Nikkita-Lyons-PNG-Render-2026-1332696072","yanrtbtn","65",""
"Kit Wilson","wwe-smackdown-kit-wilson","1","1","Kit Wilson Render v2","https://www.deviantart.com/xharlott/art/Kit-Wilson-Render-v2-1295012212","xharlott","65",""
"Kit Wilson","wwe-smackdown-kit-wilson","1","2","Kit Wilson WWE Render PNG","https://www.deviantart.com/wwewomendaily/art/Kit-Wilson-WWE-Render-PNG-1298844456","wwewomendaily","65",""
"Kit Wilson","wwe-smackdown-kit-wilson","1","3","Kit Wilson '26 Render","https://www.deviantart.com/xharlott/art/Kit-Wilson-26-Render-1287470193","xharlott","65",""
"Royce Keys","wwe-smackdown-royce-keys","1","1","Royce Keys *OFFICIAL* WWE render","https://www.deviantart.com/babuguuscooties/art/Royce-Keys-OFFICIAL-WWE-render-1324398049","babuguuscooties","65",""
"Royce Keys","wwe-smackdown-royce-keys","1","2","WWE Royce Keys 2026 render","https://www.deviantart.com/vlysyuk/art/WWE-Royce-Keys-2026-render-1324213057","vlysyuk","65",""
"Royce Keys","wwe-smackdown-royce-keys","1","3","WWE Royce Keys PNG Render 2026","https://www.deviantart.com/yanrtbtn/art/WWE-Royce-Keys-PNG-Render-2026-1323206822","yanrtbtn","65",""
"Rusev","wwe-raw-rusev","1","1","Rusev '26 Render","https://www.deviantart.com/xharlott/art/Rusev-26-Render-1337931181","xharlott","65",""
"Rusev","wwe-raw-rusev","1","2","Rusev WWE Render 2025-2026","https://www.deviantart.com/ykprihodilo/art/Rusev-WWE-Render-2025-2026-1289959408","ykprihodilo","65",""
"Rusev","wwe-raw-rusev","1","3","Rusev WWE Render PNG","https://www.deviantart.com/wwewomendaily/art/Rusev-WWE-Render-PNG-1194468020","wwewomendaily","65",""
"Tama Tonga","wwe-smackdown-tama-tonga","1","1","Tama Tonga Render","https://www.deviantart.com/xharlott/art/Tama-Tonga-Render-1285941805","xharlott","65",""
"Tama Tonga","wwe-smackdown-tama-tonga","1","2","Tama Tonga May '26 Render","https://www.deviantart.com/xharlott/art/Tama-Tonga-May-26-Render-1333998513","xharlott","65",""
"Tama Tonga","wwe-smackdown-tama-tonga","1","3","Tama Tonga *OFFICIAL* WWE render '26","https://www.deviantart.com/babuguuscooties/art/Tama-Tonga-OFFICIAL-WWE-render-26-1295910908","babuguuscooties","65",""
"Otis","wwe-raw-otis","1","1","WWE Otis Render 2024","https://www.deviantart.com/yanrtbtn/art/WWE-Otis-Render-2024-1073521732","yanrtbtn","65",""
"Otis","wwe-raw-otis","1","2","WWE Otis 2024 render","https://www.deviantart.com/vlysyuk/art/WWE-Otis-2024-render-1073699367","vlysyuk","65",""
"Otis","wwe-raw-otis","1","3","Otis *OFFICIAL* WWE render '23","https://www.deviantart.com/babuguuscooties/art/Otis-OFFICIAL-WWE-render-23-959997529","babuguuscooties","65",""
"Bronco Nima","wwe-nxt-bronco-nima","1","1","Bronco Nima WWE NXT Render 2024","https://www.deviantart.com/ykprihodilo/art/Bronco-Nima-WWE-NXT-Render-2024-1136524582","ykprihodilo","65",""
"Bronco Nima","wwe-nxt-bronco-nima","1","2","Bronco Nima *OFFICIAL* NXT render '23","https://www.deviantart.com/babuguuscooties/art/Bronco-Nima-OFFICIAL-NXT-render-23-975473759","babuguuscooties","65",""
"Bronco Nima","wwe-nxt-bronco-nima","1","3","Bronco Nima WWE NXT Render 2024","https://www.deviantart.com/ykprihodilo/art/Bronco-Nima-WWE-NXT-Render-2024-1136506583","ykprihodilo","65",""
"Kali Armstrong","wwe-nxt-kali-armstrong","1","1","WWE NXT Kali Armstrong 2026 render","https://www.deviantart.com/vlysyuk/art/WWE-NXT-Kali-Armstrong-2026-render-1322438861","vlysyuk","65",""
"Kali Armstrong","wwe-nxt-kali-armstrong","1","2","Kali Armstrong *OFFICIAL* NXT render","https://www.deviantart.com/babuguuscooties/art/Kali-Armstrong-OFFICIAL-NXT-render-1324398063","babuguuscooties","65",""
"Kali Armstrong","wwe-nxt-kali-armstrong","1","3","WWE Kali Armstrong PNG Render 2026","https://www.deviantart.com/yanrtbtn/art/WWE-Kali-Armstrong-PNG-Render-2026-1322873770","yanrtbtn","65",""
"Adriana Rizzo","wwe-nxt-adriana-rizzo","1","1","Adriana Rizzo Render by yasuke4u","https://www.deviantart.com/yasuke4u/art/Adriana-Rizzo-Render-by-yasuke4u-1318413767","yasuke4u","65",""
"Adriana Rizzo","wwe-nxt-adriana-rizzo","1","2","Adriana Rizzo WWE NXT Render 2025","https://www.deviantart.com/ykprihodilo/art/Adriana-Rizzo-WWE-NXT-Render-2025-1217405280","ykprihodilo","65",""
"Adriana Rizzo","wwe-nxt-adriana-rizzo","1","3","Adriana Rizzo WWE NXT Render 2025","https://www.deviantart.com/ykprihodilo/art/Adriana-Rizzo-WWE-NXT-Render-2025-1241569626","ykprihodilo","65",""
"Arianna Grace","wwe-nxt-arianna-grace","1","1","Arianna Grace Render by yasuke4u","https://www.deviantart.com/yasuke4u/art/Arianna-Grace-Render-by-yasuke4u-1308945619","yasuke4u","65",""
"Arianna Grace","wwe-nxt-arianna-grace","1","2","Arianna Grace WWE Render PNG","https://www.deviantart.com/wwewomendaily/art/Arianna-Grace-WWE-Render-PNG-1167738641","wwewomendaily","65",""
"Arianna Grace","wwe-nxt-arianna-grace","1","3","Arianna Grace *OFFICIAL* NXT render '24","https://www.deviantart.com/babuguuscooties/art/Arianna-Grace-OFFICIAL-NXT-render-24-1000912209","babuguuscooties","65",""
"Karmen Petrovic","wwe-nxt-karmen-petrovic","1","1","Karmen Petrovic WWE Render PNG","https://www.deviantart.com/wwewomendaily/art/Karmen-Petrovic-WWE-Render-PNG-1235107177","wwewomendaily","65",""
"Karmen Petrovic","wwe-nxt-karmen-petrovic","1","2","Custom Karmen Petrovic WWE Render PNG","https://www.deviantart.com/wwewomendaily/art/Custom-Karmen-Petrovic-WWE-Render-PNG-1240219012","wwewomendaily","65",""
"Karmen Petrovic","wwe-nxt-karmen-petrovic","1","3","Karmen Petrovic WWE Render PNG","https://www.deviantart.com/wwewomendaily/art/Karmen-Petrovic-WWE-Render-PNG-1035795386","wwewomendaily","65",""
"Kendal Grey","wwe-nxt-kendal-grey","1","1","Kendal Grey 2026 Render WWE NXT","https://www.deviantart.com/line2j/art/Kendal-Grey-2026-Render-WWE-NXT-1311240277","line2j","65",""
"Kendal Grey","wwe-nxt-kendal-grey","1","2","WWE Kendal Grey PNG Render 2026","https://www.deviantart.com/yanrtbtn/art/WWE-Kendal-Grey-PNG-Render-2026-1308960850","yanrtbtn","65",""
"Kendal Grey","wwe-nxt-kendal-grey","1","3","WWE NXT Kendal Grey 2026 render","https://www.deviantart.com/vlysyuk/art/WWE-NXT-Kendal-Grey-2026-render-1312307696","vlysyuk","65",""
"Kiana James","wwe-smackdown-kiana-james","1","1","Kiana James WWE Render 2025-2026","https://www.deviantart.com/ykprihodilo/art/Kiana-James-WWE-Render-2025-2026-1285185605","ykprihodilo","65",""
"Kiana James","wwe-smackdown-kiana-james","1","2","Kiana James WWE Render 2025 NEW","https://www.deviantart.com/ykprihodilo/art/Kiana-James-WWE-Render-2025-NEW-1162594220","ykprihodilo","65",""
"Kiana James","wwe-smackdown-kiana-james","1","3","WWE Kiana James 2026 render","https://www.deviantart.com/vlysyuk/art/WWE-Kiana-James-2026-render-1332429102","vlysyuk","65",""
"Lainey Reid","wwe-smackdown-lainey-reid","1","1","Lainey Reid Render by yasuke4u","https://www.deviantart.com/yasuke4u/art/Lainey-Reid-Render-by-yasuke4u-1288964660","yasuke4u","65",""
"Lainey Reid","wwe-smackdown-lainey-reid","1","2","Lainey Reid '26 Render","https://www.deviantart.com/xharlott/art/Lainey-Reid-26-Render-1288916642","xharlott","65",""
"Lainey Reid","wwe-smackdown-lainey-reid","1","3","WWE NXT Lainey Reid PNG Render 2025","https://www.deviantart.com/yanrtbtn/art/WWE-NXT-Lainey-Reid-PNG-Render-2025-1244479601","yanrtbtn","65",""
"Lizzy Rain","wwe-nxt-lizzy-rain","1","1","Lizzy Rain Render","https://www.deviantart.com/xharlott/art/Lizzy-Rain-Render-1333856906","xharlott","65",""
"Lizzy Rain","wwe-nxt-lizzy-rain","1","2","WWE NXT Lizzy Rain 2026 render","https://www.deviantart.com/vlysyuk/art/WWE-NXT-Lizzy-Rain-2026-render-1333463194","vlysyuk","65",""
"Lizzy Rain","wwe-nxt-lizzy-rain","1","3","Lizzy Rain *OFFICIAL* NXT render","https://www.deviantart.com/babuguuscooties/art/Lizzy-Rain-OFFICIAL-NXT-render-1332643634","babuguuscooties","65",""
"Myka Lockwood","wwe-nxt-myka-lockwood","1","1","Myka Lockwood Render (2026)","https://www.deviantart.com/womensvengeance/art/Myka-Lockwood-Render-2026-1338837252","womensvengeance","50",""
"Myka Lockwood","wwe-nxt-myka-lockwood","1","2","Myka Lockwood WWE NXT 2026","https://www.deviantart.com/wwestarrender/art/Myka-Lockwood-WWE-NXT-2026-1339195139","wwestarrender","45",""
"Myka Lockwood","wwe-nxt-myka-lockwood","1","3","Myka Lockwood WWE NXT 2026","https://www.deviantart.com/wwestarrender/art/Myka-Lockwood-WWE-NXT-2026-1322493046","wwestarrender","45",""
"Piper Niven","wwe-smackdown-piper-niven","1","1","Piper Niven Render by yasuke4u","https://www.deviantart.com/yasuke4u/art/Piper-Niven-Render-by-yasuke4u-1298133311","yasuke4u","65",""
"Piper Niven","wwe-smackdown-piper-niven","1","2","Piper Niven WWE Render PNG","https://www.deviantart.com/wwewomendaily/art/Piper-Niven-WWE-Render-PNG-1264521194","wwewomendaily","65",""
"Piper Niven","wwe-smackdown-piper-niven","1","3","Piper Niven WWE Render PNG","https://www.deviantart.com/wwewomendaily/art/Piper-Niven-WWE-Render-PNG-1024703381","wwewomendaily","65",""
"Skylar Raye","wwe-nxt-skylar-raye","1","1","WWE Skylar Raye PNG Render 2026","https://www.deviantart.com/yanrtbtn/art/WWE-Skylar-Raye-PNG-Render-2026-1314861286","yanrtbtn","65",""
"Skylar Raye","wwe-nxt-skylar-raye","1","2","WWE NXT Skylar Raye 2026 render","https://www.deviantart.com/vlysyuk/art/WWE-NXT-Skylar-Raye-2026-render-1311815500","vlysyuk","65",""
"Skylar Raye","wwe-nxt-skylar-raye","1","3","Skylar Raye *OFFICIAL* NXT render","https://www.deviantart.com/babuguuscooties/art/Skylar-Raye-OFFICIAL-NXT-render-1312032474","babuguuscooties","65",""
"Tatum Paxley","wwe-nxt-tatum-paxley","1","1","Tatum Paxley Render by yasuke4u","https://www.deviantart.com/yasuke4u/art/Tatum-Paxley-Render-by-yasuke4u-1318080437","yasuke4u","65",""
"Tatum Paxley","wwe-nxt-tatum-paxley","1","2","WWE NXT Tatum Paxley 2026 render","https://www.deviantart.com/vlysyuk/art/WWE-NXT-Tatum-Paxley-2026-render-1308472898","vlysyuk","65",""
"Tatum Paxley","wwe-nxt-tatum-paxley","1","3","Tatum Paxley 2025 Render WWE NXT","https://www.deviantart.com/line2j/art/Tatum-Paxley-2025-Render-WWE-NXT-1264923937","line2j","65",""
"Thea Hail","wwe-nxt-thea-hail","1","1","Thea Hail *OFFICIAL* NXT render '26","https://www.deviantart.com/babuguuscooties/art/Thea-Hail-OFFICIAL-NXT-render-26-1319585363","babuguuscooties","65",""
"Thea Hail","wwe-nxt-thea-hail","1","2","WWE Thea Hail PNG Render 2026","https://www.deviantart.com/yanrtbtn/art/WWE-Thea-Hail-PNG-Render-2026-1319649730","yanrtbtn","65",""
"Thea Hail","wwe-nxt-thea-hail","1","3","NXT Thea Hail 2026 Renders","https://www.deviantart.com/gamechanger2000/art/NXT-Thea-Hail-2026-Renders-1298006518","gamechanger2000","65",""
"Wendy Choo","wwe-nxt-wendy-choo","1","1","WWE Wendy Choo PNG Render 2026","https://www.deviantart.com/yanrtbtn/art/WWE-Wendy-Choo-PNG-Render-2026-1300947886","yanrtbtn","65",""
"Wendy Choo","wwe-nxt-wendy-choo","1","2","WWE NXT Wendy Choo Render 2024","https://www.deviantart.com/yanrtbtn/art/WWE-NXT-Wendy-Choo-Render-2024-1073405538","yanrtbtn","65",""
"Wendy Choo","wwe-nxt-wendy-choo","1","3","WWE NXT Wendy Choo 2026 render","https://www.deviantart.com/vlysyuk/art/WWE-NXT-Wendy-Choo-2026-render-1301935201","vlysyuk","65",""
"Wren Sinclair","wwe-nxt-wren-sinclair","1","1","Wren Sinclair Render by yasuke4u","https://www.deviantart.com/yasuke4u/art/Wren-Sinclair-Render-by-yasuke4u-1316537743","yasuke4u","65",""
"Wren Sinclair","wwe-nxt-wren-sinclair","1","2","WWE NXT Wren Sinclair 2026 render","https://www.deviantart.com/vlysyuk/art/WWE-NXT-Wren-Sinclair-2026-render-1316382435","vlysyuk","65",""
"Wren Sinclair","wwe-nxt-wren-sinclair","1","3","Wren Sinclair *OFFICIAL* Womens Speed champ render","https://www.deviantart.com/babuguuscooties/art/Wren-Sinclair-OFFICIAL-Womens-Speed-champ-render-1316500842","babuguuscooties","65",""
"Zaria","wwe-nxt-zaria","1","1","Zaria Render by yasuke4u","https://www.deviantart.com/yasuke4u/art/Zaria-Render-by-yasuke4u-1316537765","yasuke4u","65",""
"Zaria","wwe-nxt-zaria","1","2","Zaria WWE NXT Render 2025-2026","https://www.deviantart.com/ykprihodilo/art/Zaria-WWE-NXT-Render-2025-2026-1285162719","ykprihodilo","65",""
"Zaria","wwe-nxt-zaria","1","3","Zaria Feb '26 Render","https://www.deviantart.com/xharlott/art/Zaria-Feb-26-Render-1298178081","xharlott","65",""
"Cruz Del Toro","wwe-raw-cruz-del-toro","1","1","WWE Cruz Del Toro render","https://www.deviantart.com/vlysyuk/art/WWE-Cruz-Del-Toro-render-1172960613","vlysyuk","65",""
"Cruz Del Toro","wwe-raw-cruz-del-toro","1","2","Cruz Del Toro WWE Render 2025","https://www.deviantart.com/ykprihodilo/art/Cruz-Del-Toro-WWE-Render-2025-1164786602","ykprihodilo","65",""
"Cruz Del Toro","wwe-raw-cruz-del-toro","1","3","Cruz Del Toro WWE Render PNG","https://www.deviantart.com/wwewomendaily/art/Cruz-Del-Toro-WWE-Render-PNG-943868967","wwewomendaily","65",""
"Talla Tonga","wwe-smackdown-talla-tonga","1","1","Talla Tonga Render","https://www.deviantart.com/xharlott/art/Talla-Tonga-Render-1285941815","xharlott","65",""
"Talla Tonga","wwe-smackdown-talla-tonga","1","2","Talla Tonga '26 Render","https://www.deviantart.com/xharlott/art/Talla-Tonga-26-Render-1335451360","xharlott","65",""
"Talla Tonga","wwe-smackdown-talla-tonga","1","3","Talla Tonga Render by yasuke4u","https://www.deviantart.com/yasuke4u/art/Talla-Tonga-Render-by-yasuke4u-1319217874","yasuke4u","65",""
"Angel","wwe-smackdown-angel","","1","Evil Angel Render","https://www.deviantart.com/therainbowexefan2006/art/Evil-Angel-Render-1333138535","therainbowexefan2006","50","wrong wrestler risk"
"Angel","wwe-smackdown-angel","","2","Angel of Vengeance Render 1","https://www.deviantart.com/warous/art/Angel-of-Vengeance-Render-1-1315456036","warous","50","wrong wrestler risk"
"Angel","wwe-smackdown-angel","","3","Angel Render","https://www.deviantart.com/kingevan210/art/Angel-Render-1337247164","kingevan210","50","wrong wrestler risk"
"Berto","wwe-smackdown-berto","1","1","Humberto/Berto WWE Render PNG","https://www.deviantart.com/wwewomendaily/art/Humberto-Berto-WWE-Render-PNG-1278356732","wwewomendaily","65",""
"Berto","wwe-smackdown-berto","1","2","Angel and Berto WWE Render 2025","https://www.deviantart.com/ykprihodilo/art/Angel-and-Berto-WWE-Render-2025-1189163318","ykprihodilo","65",""
"Berto","wwe-smackdown-berto","1","3","WWE Berto 2025 render","https://www.deviantart.com/vlysyuk/art/WWE-Berto-2025-render-1232006393","vlysyuk","65",""
"Bravo Americano","wwe-raw-bravo-americano","1","1","WWE Bravo Americano PNG Render 2026","https://www.deviantart.com/yanrtbtn/art/WWE-Bravo-Americano-PNG-Render-2026-1314863497","yanrtbtn","65",""
"Bravo Americano","wwe-raw-bravo-americano","1","2","WWE Bravo Americano 2026 render","https://www.deviantart.com/vlysyuk/art/WWE-Bravo-Americano-2026-render-1313717661","vlysyuk","65",""
"Bravo Americano","wwe-raw-bravo-americano","1","3","Bravo Americano *OFFICIAL* WWE render","https://www.deviantart.com/babuguuscooties/art/Bravo-Americano-OFFICIAL-WWE-render-1313539321","babuguuscooties","65",""
"Grayson Waller","wwe-raw-grayson-waller","1","1","Grayson Waller WWE Render 2025","https://www.deviantart.com/ykprihodilo/art/Grayson-Waller-WWE-Render-2025-1225488469","ykprihodilo","65",""
"Grayson Waller","wwe-raw-grayson-waller","1","2","Grayson Waller WWE Render PNG","https://www.deviantart.com/wwewomendaily/art/Grayson-Waller-WWE-Render-PNG-1276098004","wwewomendaily","65",""
"Grayson Waller","wwe-raw-grayson-waller","1","3","Grayson Waller WWE Render PNG","https://www.deviantart.com/wwewomendaily/art/Grayson-Waller-WWE-Render-PNG-1283742881","wwewomendaily","65",""
"Joaquin Wilde","wwe-raw-joaquin-wilde","1","1","Joaquin Wilde WWE Render PNG","https://www.deviantart.com/wwewomendaily/art/Joaquin-Wilde-WWE-Render-PNG-1302105886","wwewomendaily","65",""
"Joaquin Wilde","wwe-raw-joaquin-wilde","1","2","Joaquin Wilde WWE Render 2025","https://www.deviantart.com/ykprihodilo/art/Joaquin-Wilde-WWE-Render-2025-1242576571","ykprihodilo","65",""
"Joaquin Wilde","wwe-raw-joaquin-wilde","1","3","WWE Joaquin Wilde render","https://www.deviantart.com/vlysyuk/art/WWE-Joaquin-Wilde-render-1172964527","vlysyuk","65",""
"Matt Cardona","wwe-smackdown-matt-cardona","","1","Matt Cardona WWE Render PNG","https://www.deviantart.com/wwewomendaily/art/Matt-Cardona-WWE-Render-PNG-1318170360","wwewomendaily","40","merch/card;manual review"
"Matt Cardona","wwe-smackdown-matt-cardona","","2","Matt Cardona TNA Render PNG","https://www.deviantart.com/wwewomendaily/art/Matt-Cardona-TNA-Render-PNG-1203829251","wwewomendaily","40","merch/card;manual review"
"Matt Cardona","wwe-smackdown-matt-cardona","","3","Matt Cardona Renders","https://www.deviantart.com/gamechanger2000/art/Matt-Cardona-Renders-1221293048","gamechanger2000","40","merch/card;manual review"
"Brad Baylor","wwe-nxt-brad-baylor","1","1","Brad Baylor Render by yasuke4u","https://www.deviantart.com/yasuke4u/art/Brad-Baylor-Render-by-yasuke4u-1319217989","yasuke4u","65",""
"Brad Baylor","wwe-nxt-brad-baylor","1","2","WWE NXT Brad Baylor 2026 render","https://www.deviantart.com/vlysyuk/art/WWE-NXT-Brad-Baylor-2026-render-1306609574","vlysyuk","65",""
"Brad Baylor","wwe-nxt-brad-baylor","1","3","Brad Baylor *OFFICIAL* NXT render","https://www.deviantart.com/babuguuscooties/art/Brad-Baylor-OFFICIAL-NXT-render-1303141438","babuguuscooties","65",""
"Cutler James","wwe-nxt-cutler-james","1","1","Cutler James from Darkstate WWE NXT Render 2025","https://www.deviantart.com/ykprihodilo/art/Cutler-James-from-Darkstate-WWE-NXT-Render-2025-1218504170","ykprihodilo","65",""
"Cutler James","wwe-nxt-cutler-james","1","2","WWE NXT Cutler James 2025 render","https://www.deviantart.com/vlysyuk/art/WWE-NXT-Cutler-James-2025-render-1192627988","vlysyuk","65",""
"Cutler James","wwe-nxt-cutler-james","1","3","Cutler James *OFFICIAL* NXT render '25","https://www.deviantart.com/babuguuscooties/art/Cutler-James-OFFICIAL-NXT-render-25-1192000525","babuguuscooties","65",""
"Dion Lennox","wwe-nxt-dion-lennox","1","1","WWE NXT Dion Lennox 2025 render","https://www.deviantart.com/vlysyuk/art/WWE-NXT-Dion-Lennox-2025-render-1240763271","vlysyuk","65",""
"Dion Lennox","wwe-nxt-dion-lennox","1","2","WWE NXT Dion Lennox 2025 render","https://www.deviantart.com/vlysyuk/art/WWE-NXT-Dion-Lennox-2025-render-1192628057","vlysyuk","65",""
"Dion Lennox","wwe-nxt-dion-lennox","1","3","Dion Lennox *OFFICIAL* NXT render '25","https://www.deviantart.com/babuguuscooties/art/Dion-Lennox-OFFICIAL-NXT-render-25-1192000506","babuguuscooties","65",""
"EK Prosper","wwe-nxt-ek-prosper","1","1","NXT EK Prosper PNG","https://www.deviantart.com/gamechanger2000/art/NXT-EK-Prosper-PNG-1320369454","gamechanger2000","65","manual review"
"EK Prosper","wwe-nxt-ek-prosper","1","2","EK Prosper WWE NXT 2026","https://www.deviantart.com/wwestarrender/art/EK-Prosper-WWE-NXT-2026-1297565996","wwestarrender","45","manual review"
"EK Prosper","wwe-nxt-ek-prosper","1","3","Boliever Does Poofesure Rage","https://www.deviantart.com/fluffyiscool2022/art/Boliever-Does-Poofesure-Rage-1324464411","fluffyiscool2022","0","manual review"
"Jackson Drake","wwe-nxt-jackson-drake","1","1","Jackson Drake Render by yasuke4u","https://www.deviantart.com/yasuke4u/art/Jackson-Drake-Render-by-yasuke4u-1319217982","yasuke4u","65",""
"Jackson Drake","wwe-nxt-jackson-drake","1","2","Jackson Drake *OFFICIAL* NXT render","https://www.deviantart.com/babuguuscooties/art/Jackson-Drake-OFFICIAL-NXT-render-1311700442","babuguuscooties","65",""
"Jackson Drake","wwe-nxt-jackson-drake","1","3","WWE Evolve Jackson Drake 2025 render","https://www.deviantart.com/vlysyuk/art/WWE-Evolve-Jackson-Drake-2025-render-1263932505","vlysyuk","65",""
"Jasper Troy","wwe-nxt-jasper-troy","1","1","WWE NXT Jasper Troy 2026 render","https://www.deviantart.com/vlysyuk/art/WWE-NXT-Jasper-Troy-2026-render-1296171827","vlysyuk","65",""
"Jasper Troy","wwe-nxt-jasper-troy","1","2","Jasper Troy *OFFICIAL* NXT render","https://www.deviantart.com/babuguuscooties/art/Jasper-Troy-OFFICIAL-NXT-render-1222798941","babuguuscooties","65",""
"Jasper Troy","wwe-nxt-jasper-troy","1","3","WWE NXT Jasper Troy 2025 render","https://www.deviantart.com/vlysyuk/art/WWE-NXT-Jasper-Troy-2025-render-1217779710","vlysyuk","65",""
"Kale Dixon","wwe-nxt-kale-dixon","1","1","Kale Dixon WWE NXT Render 2024","https://www.deviantart.com/ykprihodilo/art/Kale-Dixon-WWE-NXT-Render-2024-1135526689","ykprihodilo","65",""
"Kale Dixon","wwe-nxt-kale-dixon","1","2","Kale Dixon *OFFICIAL* NXT render","https://www.deviantart.com/babuguuscooties/art/Kale-Dixon-OFFICIAL-NXT-render-1200628544","babuguuscooties","65",""
"Kale Dixon","wwe-nxt-kale-dixon","1","3","Kale Dixon WWE NXT Render 2024","https://www.deviantart.com/ykprihodilo/art/Kale-Dixon-WWE-NXT-Render-2024-1135495861","ykprihodilo","65",""
"Kam Hendrix","wwe-nxt-kam-hendrix","1","1","Kam Hendrix WWE NXT EVOLVE 2025","https://www.deviantart.com/wwestarrender/art/Kam-Hendrix-WWE-NXT-EVOLVE-2025-1214198691","wwestarrender","45","check identity"
"Lexis King","wwe-nxt-lexis-king","1","1","WWE NXT Lexis King 2026 render","https://www.deviantart.com/vlysyuk/art/WWE-NXT-Lexis-King-2026-render-1326464129","vlysyuk","65",""
"Lexis King","wwe-nxt-lexis-king","1","2","Lexis King WWE Render PNG","https://www.deviantart.com/wwewomendaily/art/Lexis-King-WWE-Render-PNG-1204344880","wwewomendaily","65",""
"Lexis King","wwe-nxt-lexis-king","1","3","Lexis King *OFFICIAL* WWE Speed champ render","https://www.deviantart.com/babuguuscooties/art/Lexis-King-OFFICIAL-WWE-Speed-champ-render-1325751129","babuguuscooties","65",""
"Lucien Price","wwe-nxt-lucien-price","1","1","Lucien Price *OFFICIAL* NXT render '23","https://www.deviantart.com/babuguuscooties/art/Lucien-Price-OFFICIAL-NXT-render-23-975473492","babuguuscooties","65",""
"Lucien Price","wwe-nxt-lucien-price","1","2","Lucien Price WWE NXT Official Render PNG","https://www.deviantart.com/ambrose2k/art/Lucien-Price-WWE-NXT-Official-Render-PNG-973994875","ambrose2k","65",""
"Lucien Price","wwe-nxt-lucien-price","1","3","OTM (Lucien Price and Bronco Nima) WWE NXT Render","https://www.deviantart.com/ykprihodilo/art/OTM-Lucien-Price-and-Bronco-Nima-WWE-NXT-Render-1136542164","ykprihodilo","65",""
"Naraku","wwe-nxt-naraku","1","1","WWE NXT Naraku 2026 render","https://www.deviantart.com/vlysyuk/art/WWE-NXT-Naraku-2026-render-1333462757","vlysyuk","65",""
"Naraku","wwe-nxt-naraku","1","2","Naraku '26 Render","https://www.deviantart.com/xharlott/art/Naraku-26-Render-1332831720","xharlott","65",""
"Naraku","wwe-nxt-naraku","1","3","WWE Naraku PNG Render 2026","https://www.deviantart.com/yanrtbtn/art/WWE-Naraku-PNG-Render-2026-1332695982","yanrtbtn","65",""
"Niko Vance","wwe-nxt-niko-vance","1","1","NXT Niko Vance Renders","https://www.deviantart.com/gamechanger2000/art/NXT-Niko-Vance-Renders-1257302393","gamechanger2000","65",""
"Niko Vance","wwe-nxt-niko-vance","1","2","Niko Vance WWE NXT Render 2025-2026","https://www.deviantart.com/ykprihodilo/art/Niko-Vance-WWE-NXT-Render-2025-2026-1284672767","ykprihodilo","65",""
"Niko Vance","wwe-nxt-niko-vance","1","3","Niko Vance WWE NXT Render 2025","https://www.deviantart.com/ykprihodilo/art/Niko-Vance-WWE-NXT-Render-2025-1251641680","ykprihodilo","65",""
"Osiris Griffin","wwe-nxt-osiris-griffin","1","1","WWE NXT Osiris Griffin PNG Render 2025","https://www.deviantart.com/yanrtbtn/art/WWE-NXT-Osiris-Griffin-PNG-Render-2025-1192076609","yanrtbtn","65",""
"Osiris Griffin","wwe-nxt-osiris-griffin","1","2","WWE NXT Osiris Griffin 2025 render","https://www.deviantart.com/vlysyuk/art/WWE-NXT-Osiris-Griffin-2025-render-1192628322","vlysyuk","65",""
"Osiris Griffin","wwe-nxt-osiris-griffin","1","3","WWE NXT Osiris Griffin 2025 render","https://www.deviantart.com/vlysyuk/art/WWE-NXT-Osiris-Griffin-2025-render-1240763585","vlysyuk","65",""
"Ricky Smokes","wwe-nxt-ricky-smokes","1","1","Ricky Smokes Render by yasuke4u","https://www.deviantart.com/yasuke4u/art/Ricky-Smokes-Render-by-yasuke4u-1319218001","yasuke4u","65",""
"Ricky Smokes","wwe-nxt-ricky-smokes","1","2","WWE NXT Ricky Smokes 2026 render","https://www.deviantart.com/vlysyuk/art/WWE-NXT-Ricky-Smokes-2026-render-1306326682","vlysyuk","65",""
"Ricky Smokes","wwe-nxt-ricky-smokes","1","3","WWE NXT Ricky Smokes 2026 render","https://www.deviantart.com/vlysyuk/art/WWE-NXT-Ricky-Smokes-2026-render-1302998006","vlysyuk","65",""
"Saquon Shugars","wwe-nxt-saquon-shugars","1","1","WWE NXT Saquon Shugars 2025 render","https://www.deviantart.com/vlysyuk/art/WWE-NXT-Saquon-Shugars-2025-render-1192628388","vlysyuk","65",""
"Saquon Shugars","wwe-nxt-saquon-shugars","1","2","WWE NXT Saquon Shugars PNG Render 2025","https://www.deviantart.com/yanrtbtn/art/WWE-NXT-Saquon-Shugars-PNG-Render-2025-1192076795","yanrtbtn","65",""
"Saquon Shugars","wwe-nxt-saquon-shugars","1","3","Saquon Shugars *OFFICIAL* NXT render '25","https://www.deviantart.com/babuguuscooties/art/Saquon-Shugars-OFFICIAL-NXT-render-25-1192000457","babuguuscooties","65",""
"Sean Legacy","wwe-nxt-sean-legacy","1","1","Sean Legacy *OFFICIAL* NXT render","https://www.deviantart.com/babuguuscooties/art/Sean-Legacy-OFFICIAL-NXT-render-1303141370","babuguuscooties","65",""
"Sean Legacy","wwe-nxt-sean-legacy","1","2","WWE Sean Legacy PNG Render 2026","https://www.deviantart.com/yanrtbtn/art/WWE-Sean-Legacy-PNG-Render-2026-1303001602","yanrtbtn","65",""
"Sean Legacy","wwe-nxt-sean-legacy","1","3","WWE NXT Sean Legacy 2026 render","https://www.deviantart.com/vlysyuk/art/WWE-NXT-Sean-Legacy-2026-render-1302998071","vlysyuk","65",""
"Shawn Spears","wwe-nxt-shawn-spears","1","1","Shawn Spears WWE Render PNG","https://www.deviantart.com/wwewomendaily/art/Shawn-Spears-WWE-Render-PNG-1204652143","wwewomendaily","65",""
"Shawn Spears","wwe-nxt-shawn-spears","1","2","Shawn Spears WWE Render PNG","https://www.deviantart.com/wwewomendaily/art/Shawn-Spears-WWE-Render-PNG-1161680598","wwewomendaily","65",""
"Shawn Spears","wwe-nxt-shawn-spears","1","3","Shawn Spears WWE Render PNG","https://www.deviantart.com/wwewomendaily/art/Shawn-Spears-WWE-Render-PNG-1203827543","wwewomendaily","65",""
"Shiloh Hill","wwe-nxt-shiloh-hill","1","1","WWE NXT Shiloh Hill 2026 render","https://www.deviantart.com/vlysyuk/art/WWE-NXT-Shiloh-Hill-2026-render-1311815421","vlysyuk","65",""
"Shiloh Hill","wwe-nxt-shiloh-hill","1","2","WWE Shiloh Hill PNG Render 2026","https://www.deviantart.com/yanrtbtn/art/WWE-Shiloh-Hill-PNG-Render-2026-1314861170","yanrtbtn","65",""
"Shiloh Hill","wwe-nxt-shiloh-hill","1","3","Shiloh Hill *OFFICIAL* NXT render","https://www.deviantart.com/babuguuscooties/art/Shiloh-Hill-OFFICIAL-NXT-render-1312032493","babuguuscooties","65",""
"Tate Wilder","wwe-nxt-tate-wilder","1","1","Tate Wilder WWE NXT EVOLVE 2026","https://www.deviantart.com/wwestarrender/art/Tate-Wilder-WWE-NXT-EVOLVE-2026-1326929489","wwestarrender","45","manual review"
"Tate Wilder","wwe-nxt-tate-wilder","1","2","Tate Wilder WWE NXT EVOLVE 2025","https://www.deviantart.com/wwestarrender/art/Tate-Wilder-WWE-NXT-EVOLVE-2025-1266478582","wwestarrender","45","manual review"
"Tate Wilder","wwe-nxt-tate-wilder","1","3","Tate Wilder","https://www.deviantart.com/licho4030/art/Tate-Wilder-1295258344","licho4030","45","manual review"
"Tavion Heights","wwe-nxt-tavion-heights","1","1","Tavion Heights WWE NXT Render 2025","https://www.deviantart.com/ykprihodilo/art/Tavion-Heights-WWE-NXT-Render-2025-1238691148","ykprihodilo","65",""
"Tavion Heights","wwe-nxt-tavion-heights","1","2","WWE NXT Tavion Heights Render 2024","https://www.deviantart.com/ykprihodilo/art/WWE-NXT-Tavion-Heights-Render-2024-1077107419","ykprihodilo","65",""
"Tavion Heights","wwe-nxt-tavion-heights","1","3","WWE NXT Tavion Heights PNG Render 2024","https://www.deviantart.com/yanrtbtn/art/WWE-NXT-Tavion-Heights-PNG-Render-2024-1090894177","yanrtbtn","65",""
"Tristan Angels","wwe-nxt-tristan-angels","1","1","Tristan Angels WWE NXT ROOKIE 2026","https://www.deviantart.com/wwestarrender/art/Tristan-Angels-WWE-NXT-ROOKIE-2026-1310153240","wwestarrender","45","manual review"
"Tristan Angels","wwe-nxt-tristan-angels","1","2","Tristan Angels WWE NXT ROOKIE 2026","https://www.deviantart.com/wwestarrender/art/Tristan-Angels-WWE-NXT-ROOKIE-2026-1309032018","wwestarrender","45","manual review"
"Tristan Angels","wwe-nxt-tristan-angels","1","3","Tristan Angels","https://www.deviantart.com/licho4030/art/Tristan-Angels-1317013446","licho4030","45","manual review"
"Rey Fenix","wwe-smackdown-rey-fenix","1","1","Rey Fenix WWE Render PNG","https://www.deviantart.com/wwewomendaily/art/Rey-Fenix-WWE-Render-PNG-1298844241","wwewomendaily","65",""
"Rey Fenix","wwe-smackdown-rey-fenix","1","2","Rey Fenix Aug '25 Render","https://www.deviantart.com/xharlott/art/Rey-Fenix-Aug-25-Render-1298186230","xharlott","65",""
"Rey Fenix","wwe-smackdown-rey-fenix","1","3","Rey Fenix WWE Render PNG","https://www.deviantart.com/wwewomendaily/art/Rey-Fenix-WWE-Render-PNG-1192079441","wwewomendaily","65",""
"Julius Creed","wwe-raw-julius-creed","1","1","WWE Julius Creed 2024 render","https://www.deviantart.com/vlysyuk/art/WWE-Julius-Creed-2024-render-1132662960","vlysyuk","65",""
"Julius Creed","wwe-raw-julius-creed","1","2","Julius Creed *OFFICIAL* WWE render '25","https://www.deviantart.com/babuguuscooties/art/Julius-Creed-OFFICIAL-WWE-render-25-1208263237","babuguuscooties","65",""
"Julius Creed","wwe-raw-julius-creed","1","3","Julius Creed WWE Render PNG","https://www.deviantart.com/wwewomendaily/art/Julius-Creed-WWE-Render-PNG-1108655757","wwewomendaily","65",""
"Elton Prince","wwe-smackdown-elton-prince","1","1","Elton Prince WWE Render PNG","https://www.deviantart.com/wwewomendaily/art/Elton-Prince-WWE-Render-PNG-1297430931","wwewomendaily","65",""
"Elton Prince","wwe-smackdown-elton-prince","1","2","Elton Prince NXT Tag Team Champion Render","https://www.deviantart.com/ambrose2k/art/Elton-Prince-NXT-Tag-Team-Champion-Render-913409448","ambrose2k","65","belt/champion;team/tag"
"Elton Prince","wwe-smackdown-elton-prince","1","3","Elton Prince WWE Render PNG","https://www.deviantart.com/wwewomendaily/art/Elton-Prince-WWE-Render-PNG-1143046602","wwewomendaily","65",""
"Candice LeRae","wwe-smackdown-candice-lerae","1","1","Candice LeRae WWE Render PNG","https://www.deviantart.com/wwewomendaily/art/Candice-LeRae-WWE-Render-PNG-1293033192","wwewomendaily","65",""
"Candice LeRae","wwe-smackdown-candice-lerae","1","2","Candice LeRae Render PNG Speed Women's Champion","https://www.deviantart.com/yanrtbtn/art/Candice-LeRae-Render-PNG-Speed-Women-s-Champion-1111709334","yanrtbtn","65","belt/champion"
"Candice LeRae","wwe-smackdown-candice-lerae","1","3","WWE Candice LeRae 2024 render","https://www.deviantart.com/vlysyuk/art/WWE-Candice-LeRae-2024-render-1132661843","vlysyuk","65",""
"Akira Tozawa","wwe-raw-akira-tozawa","1","1","Akira Tozawa *OFFICIAL* WWE render 2021","https://www.deviantart.com/babuguuscooties/art/Akira-Tozawa-OFFICIAL-WWE-render-2021-869161094","babuguuscooties","65",""
"Akira Tozawa","wwe-raw-akira-tozawa","1","2","Akira Tozawa render","https://www.deviantart.com/vlysyuk/art/Akira-Tozawa-render-1035595164","vlysyuk","65",""
"Akira Tozawa","wwe-raw-akira-tozawa","1","3","Akira Tozawa *OFFICIAL* WWE render '24","https://www.deviantart.com/babuguuscooties/art/Akira-Tozawa-OFFICIAL-WWE-render-24-1035792968","babuguuscooties","65",""
"B-Fab","wwe-smackdown-b-fab","1","1","B-Fab *OFFICIAL* WWE render '25","https://www.deviantart.com/babuguuscooties/art/B-Fab-OFFICIAL-WWE-render-25-1208263293","babuguuscooties","65",""
"B-Fab","wwe-smackdown-b-fab","1","2","B-Fab May '26 Render","https://www.deviantart.com/xharlott/art/B-Fab-May-26-Render-1334001952","xharlott","65",""
"B-Fab","wwe-smackdown-b-fab","1","3","WWE B-Fab Render PNG 2025","https://www.deviantart.com/yanrtbtn/art/WWE-B-Fab-Render-PNG-2025-1206438140","yanrtbtn","65",""
