rank,id,name,status,matched_page,page_url,pageimage,image_url,note
1,aew-aew-kenny-omega,Kenny Omega,saved,Kenny Omega,https://prowrestling.fandom.com/wiki/Kenny_Omega,Omega_A.png,https://static.wikia.nocookie.net/prowrestling/images/b/b1/Omega_A.png/revision/latest?cb=20170703043019,Saved square portrait from Pro Wrestling Fandom page image
2,wwe-smackdown-rhea-ripley,Rhea Ripley,saved,Rhea Ripley,https://prowrestling.fandom.com/wiki/Rhea_Ripley,Rhea_Ripley_2024.png,https://static.wikia.nocookie.net/prowrestling/images/9/9d/Rhea_Ripley_2024.png/revision/latest/scale-to-width-down/767?cb=20240416181051,Saved square portrait from Pro Wrestling Fandom page image
3,wwe-smackdown-cody-rhodes,Cody Rhodes,saved,Cody Rhodes,https://prowrestling.fandom.com/wiki/Cody_Rhodes,Cody_Rhodes_2022.png,https://static.wikia.nocookie.net/prowrestling/images/d/d6/Cody_Rhodes_2022.png/revision/latest?cb=20250425134343,Saved square portrait from Pro Wrestling Fandom page image
4,wwe-raw-roman-reigns,Roman Reigns,saved,Roman Reigns,https://prowrestling.fandom.com/wiki/Roman_Reigns,Roman_Reigns_Tribal_Chief.png,https://static.wikia.nocookie.net/prowrestling/images/f/f7/Roman_Reigns_Tribal_Chief.png/revision/latest?cb=20210524105359,Saved square portrait from Pro Wrestling Fandom page image
5,wwe-raw-becky-lynch,Becky Lynch,saved,Becky Lynch,https://prowrestling.fandom.com/wiki/Becky_Lynch,Becky_Lynch_The_Man_stat.png,https://static.wikia.nocookie.net/prowrestling/images/a/a0/Becky_Lynch_The_Man_stat.png/revision/latest?cb=20190807030656,Saved square portrait from Pro Wrestling Fandom page image
6,aew-aew-kazuchika-okada,Kazuchika Okada,saved,Kazuchika Okada,https://prowrestling.fandom.com/wiki/Kazuchika_Okada,Kazuchika_Okada_RainMaker.png,https://static.wikia.nocookie.net/prowrestling/images/c/c2/Kazuchika_Okada_RainMaker.png/revision/latest?cb=20220628062110,Saved square portrait from Pro Wrestling Fandom page image
7,aew-aew-chris-jericho,Chris Jericho,saved,Chris Jericho,https://prowrestling.fandom.com/wiki/Chris_Jericho,Chris_Jericho_-_2020.png,https://static.wikia.nocookie.net/prowrestling/images/1/11/Chris_Jericho_-_2020.png/revision/latest/scale-to-width-down/1229?cb=20200517103743,Saved square portrait from Pro Wrestling Fandom page image
8,wwe-raw-cm-punk,CM Punk,saved,CM Punk,https://prowrestling.fandom.com/wiki/CM_Punk,CMPunk.png,https://static.wikia.nocookie.net/prowrestling/images/5/51/CMPunk.png/revision/latest?cb=20250828144938,Saved square portrait from Pro Wrestling Fandom page image
9,wwe-raw-seth-rollins,Seth Rollins,saved,Seth Rollins,https://prowrestling.fandom.com/wiki/Seth_Rollins,MessiahSethRollins.png,https://static.wikia.nocookie.net/prowrestling/images/0/07/MessiahSethRollins.png/revision/latest?cb=20200915160427,Saved square portrait from Pro Wrestling Fandom page image
10,wwe-smackdown-bianca-belair,Bianca Belair,saved,Bianca Belair,https://prowrestling.fandom.com/wiki/Bianca_Belair,BiancaEST.png,https://static.wikia.nocookie.net/prowrestling/images/f/f7/BiancaEST.png/revision/latest?cb=20230124214524,Saved square portrait from Pro Wrestling Fandom page image
11,wwe-smackdown-gunther,Gunther,saved,Gunther,https://prowrestling.fandom.com/wiki/Gunther,Gunther_2022_Render.png,https://static.wikia.nocookie.net/prowrestling/images/f/f8/Gunther_2022_Render.png/revision/latest?cb=20221126011507,Saved square portrait from Pro Wrestling Fandom page image
12,wwe-raw-iyo-sky,IYO SKY,saved,Io Shirai,https://prowrestling.fandom.com/wiki/Io_Shirai,Io_shirai_new_2019_png_by_ambriegnsasylum16_ddg8yb3-fullview.png,https://static.wikia.nocookie.net/prowrestling/images/0/0e/Io_shirai_new_2019_png_by_ambriegnsasylum16_ddg8yb3-fullview.png/revision/latest/scale-to-width-down/1256?cb=20220805065535,Saved square portrait from Pro Wrestling Fandom page image
13,wwe-raw-liv-morgan,Liv Morgan,saved,Liv Morgan,https://prowrestling.fandom.com/wiki/Liv_Morgan,Liv_Morgan_2024.png,https://static.wikia.nocookie.net/prowrestling/images/6/68/Liv_Morgan_2024.png/revision/latest?cb=20240528050909,Saved square portrait from Pro Wrestling Fandom page image
14,wwe-smackdown-drew-mcintyre,Drew McIntyre,saved,Drew McIntyre,https://prowrestling.fandom.com/wiki/Drew_McIntyre,Drew_McIntyre--stat2.png,https://static.wikia.nocookie.net/prowrestling/images/2/2b/Drew_McIntyre--stat2.png/revision/latest?cb=20190615072128,Saved square portrait from Pro Wrestling Fandom page image
15,wwe-smackdown-randy-orton,Randy Orton,saved,Randy Orton,https://prowrestling.fandom.com/wiki/Randy_Orton,Randy_Orton_stat_photo.png,https://static.wikia.nocookie.net/prowrestling/images/0/07/Randy_Orton_stat_photo.png/revision/latest?cb=20180727163556,Saved square portrait from Pro Wrestling Fandom page image
16,aew-aew-will-ospreay,Will Ospreay,saved,Will Ospreay,https://prowrestling.fandom.com/wiki/Will_Ospreay,Will_Ospreay_2022.png,https://static.wikia.nocookie.net/prowrestling/images/0/0d/Will_Ospreay_2022.png/revision/latest?cb=20220615232444,Saved square portrait from Pro Wrestling Fandom page image
17,aew-aew-mercedes-mon,Mercedes Moné,saved,Sasha Banks,https://prowrestling.fandom.com/wiki/Sasha_Banks,Mercedes_Mone.png,https://static.wikia.nocookie.net/prowrestling/images/c/cc/Mercedes_Mone.png/revision/latest/scale-to-width-down/942?cb=20230423193827,Saved square portrait from Pro Wrestling Fandom page image
18,wwe-raw-naomi,Naomi,saved,Naomi,https://prowrestling.fandom.com/wiki/Naomi,Naomi_WWE_2025.png,https://static.wikia.nocookie.net/prowrestling/images/a/a5/Naomi_WWE_2025.png/revision/latest?cb=20250524200132,Saved square portrait from Pro Wrestling Fandom page image
19,wwe-raw-stephanie-vaquer,Stephanie Vaquer,saved,Stephanie Vaquer,https://prowrestling.fandom.com/wiki/Stephanie_Vaquer,Stephanie_Vaquer_2024.png,https://static.wikia.nocookie.net/prowrestling/images/6/6e/Stephanie_Vaquer_2024.png/revision/latest?cb=20241023134513,Saved square portrait from Pro Wrestling Fandom page image
20,wwe-raw-asuka,Asuka,saved,Asuka,https://prowrestling.fandom.com/wiki/Asuka,Asuka_2023.png,https://static.wikia.nocookie.net/prowrestling/images/a/a1/Asuka_2023.png/revision/latest?cb=20230530114746,Saved square portrait from Pro Wrestling Fandom page image
21,aew-aew-jon-moxley,Jon Moxley,saved,Dean Ambrose,https://prowrestling.fandom.com/wiki/Dean_Ambrose,Jon_Moxley.png,https://static.wikia.nocookie.net/prowrestling/images/8/85/Jon_Moxley.png/revision/latest?cb=20190601041933,Saved square portrait from Pro Wrestling Fandom page image
22,wwe-raw-bron-breakker,Bron Breakker,saved,Bron Breakker,https://prowrestling.fandom.com/wiki/Bron_Breakker,Bron_Breakker_-_WWENXT2021ProfilePic.png,https://static.wikia.nocookie.net/prowrestling/images/6/6c/Bron_Breakker_-_WWENXT2021ProfilePic.png/revision/latest?cb=20211217010850,Saved square portrait from Pro Wrestling Fandom page image
23,aew-aew-thekla,Thekla,saved,Thekla,https://prowrestling.fandom.com/wiki/Thekla,Thekla_2025.png,https://static.wikia.nocookie.net/prowrestling/images/7/7b/Thekla_2025.png/revision/latest/scale-to-width-down/516?cb=20250529191642,Saved square portrait from Pro Wrestling Fandom page image
24,aew-aew-willow-nightingale,Willow Nightingale,saved,Willow Nightingale,https://prowrestling.fandom.com/wiki/Willow_Nightingale,EyeCandy(WOW).png,https://static.wikia.nocookie.net/prowrestling/images/0/00/EyeCandy%28WOW%29.png/revision/latest?cb=20190120033112,Saved square portrait from Pro Wrestling Fandom page image
25,wwe-smackdown-jade-cargill,Jade Cargill,saved,Jade Cargill,https://prowrestling.fandom.com/wiki/Jade_Cargill,Jade_Cargill_2024.png,https://static.wikia.nocookie.net/prowrestling/images/2/20/Jade_Cargill_2024.png/revision/latest/scale-to-width-down/642?cb=20240401182548,Saved square portrait from Pro Wrestling Fandom page image
26,wwe-smackdown-charlotte-flair,Charlotte Flair,saved,Charlotte,https://prowrestling.fandom.com/wiki/Charlotte,Charlotte_flair_2017.png,https://static.wikia.nocookie.net/prowrestling/images/6/68/Charlotte_flair_2017.png/revision/latest?cb=20171117174918,Saved square portrait from Pro Wrestling Fandom page image
27,aew-aew-swerve-strickland,Swerve Strickland,saved,Isaiah Scott,https://prowrestling.fandom.com/wiki/Isaiah_Scott,Isaiah_Swerve_Scott_stat.png,https://static.wikia.nocookie.net/prowrestling/images/4/4c/Isaiah_Swerve_Scott_stat.png/revision/latest?cb=20190704024324,Saved square portrait from Pro Wrestling Fandom page image
28,wwe-smackdown-jacob-fatu,Jacob Fatu,saved,Jacob Fatu,https://prowrestling.fandom.com/wiki/Jacob_Fatu,Jacob_Fatu_2024.png,https://static.wikia.nocookie.net/prowrestling/images/0/0c/Jacob_Fatu_2024.png/revision/latest?cb=20240805185821,Saved square portrait from Pro Wrestling Fandom page image
29,wwe-smackdown-tiffany-stratton,Tiffany Stratton,saved,Tiffany Stratton,https://prowrestling.fandom.com/wiki/Tiffany_Stratton,Tiffany_Stratton_2023.png,https://static.wikia.nocookie.net/prowrestling/images/f/ff/Tiffany_Stratton_2023.png/revision/latest?cb=20230530115059,Saved square portrait from Pro Wrestling Fandom page image
30,aew-aew-mjf,MJF,saved,Maxwell Jacob Friedman,https://prowrestling.fandom.com/wiki/Maxwell_Jacob_Friedman,MJF_-_7ec54e9588a24443827c7a121299c4c6.png,https://static.wikia.nocookie.net/prowrestling/images/8/89/MJF_-_7ec54e9588a24443827c7a121299c4c6.png/revision/latest?cb=20191003135211,Saved square portrait from Pro Wrestling Fandom page image
31,aew-aew-dax-harwood,Dax Harwood,saved,Scott Dawson,https://prowrestling.fandom.com/wiki/Scott_Dawson,Scott_Dawson.png,https://static.wikia.nocookie.net/prowrestling/images/b/b3/Scott_Dawson.png/revision/latest?cb=20140902164331,Saved square portrait from Pro Wrestling Fandom page image
32,aew-aew-kevin-knight,Kevin Knight,saved,Kevin Knight,https://prowrestling.fandom.com/wiki/Kevin_Knight,Kevin_Knight_-_IWF_-_014.jpg,https://static.wikia.nocookie.net/prowrestling/images/b/b7/Kevin_Knight_-_IWF_-_014.jpg/revision/latest?cb=20130809190245,Saved square portrait from Pro Wrestling Fandom page image
33,aew-aew-orange-cassidy,Orange Cassidy,saved,Orange Cassidy,https://prowrestling.fandom.com/wiki/Orange_Cassidy,Orange_Cassidy2.jpg,https://static.wikia.nocookie.net/prowrestling/images/b/bd/Orange_Cassidy2.jpg/revision/latest?cb=20191024165421,Saved square portrait from Pro Wrestling Fandom page image
34,aew-aew-jay-white,Jay White,saved,Jay White,https://prowrestling.fandom.com/wiki/Jay_White,Jay_White_2020.png,https://static.wikia.nocookie.net/prowrestling/images/0/08/Jay_White_2020.png/revision/latest?cb=20201224183657,Saved square portrait from Pro Wrestling Fandom page image
35,aew-aew-megan-bayne,Megan Bayne,saved,Megan Bayne,https://prowrestling.fandom.com/wiki/Megan_Bayne,Megan_Bayne_2025.png,https://static.wikia.nocookie.net/prowrestling/images/6/6e/Megan_Bayne_2025.png/revision/latest?cb=20251224121653,Saved square portrait from Pro Wrestling Fandom page image
36,aew-aew-eddie-kingston,Eddie Kingston,saved,Eddie Kingston,https://prowrestling.fandom.com/wiki/Eddie_Kingston,Eddie_Kingston_-_24176825.jpg,https://static.wikia.nocookie.net/prowrestling/images/a/a4/Eddie_Kingston_-_24176825.jpg/revision/latest?cb=20180315225001,Saved square portrait from Pro Wrestling Fandom page image
37,aew-aew-adam-copeland,Adam Copeland,saved,Edge,https://prowrestling.fandom.com/wiki/Edge,EDGE_2022.png,https://static.wikia.nocookie.net/prowrestling/images/e/e6/EDGE_2022.png/revision/latest/scale-to-width-down/649?cb=20220404023553,Saved square portrait from Pro Wrestling Fandom page image
38,aew-aew-pac,PAC,saved,Neville,https://prowrestling.fandom.com/wiki/Neville,Neville_(2017).png,https://static.wikia.nocookie.net/prowrestling/images/7/75/Neville_%282017%29.png/revision/latest/scale-to-width-down/674?cb=20170107195856,Saved square portrait from Pro Wrestling Fandom page image
39,wwe-raw-jey-uso,Jey Uso,saved,Jey Uso,https://prowrestling.fandom.com/wiki/Jey_Uso,JeyUsofull2022.png,https://static.wikia.nocookie.net/prowrestling/images/3/31/JeyUsofull2022.png/revision/latest?cb=20220503061802,Saved square portrait from Pro Wrestling Fandom page image
40,aew-aew-cash-wheeler,Cash Wheeler,saved,Dash Wilder,https://prowrestling.fandom.com/wiki/Dash_Wilder,Dashwilder_1_full_20140829.png,https://static.wikia.nocookie.net/prowrestling/images/e/e2/Dashwilder_1_full_20140829.png/revision/latest?cb=20140902170227,Saved square portrait from Pro Wrestling Fandom page image
41,aew-aew-kyle-o-reilly,Kyle O'Reilly,saved,Kyle O'Reilly,https://prowrestling.fandom.com/wiki/Kyle_O%27Reilly,Kyle_O'Reilly_stat--538ea4bd83f36c787a3a345d72ee7ac4.png,https://static.wikia.nocookie.net/prowrestling/images/8/87/Kyle_O%27Reilly_stat--538ea4bd83f36c787a3a345d72ee7ac4.png/revision/latest?cb=20180208215746,Saved square portrait from Pro Wrestling Fandom page image
42,wwe-raw-bayley,Bayley,saved,Bayley,https://prowrestling.fandom.com/wiki/Bayley,Bayley_2024.png,https://static.wikia.nocookie.net/prowrestling/images/5/5b/Bayley_2024.png/revision/latest/scale-to-width-down/660?cb=20240407050607,Saved square portrait from Pro Wrestling Fandom page image
43,aew-aew-samoa-joe,Samoa Joe,saved,Samoa Joe,https://prowrestling.fandom.com/wiki/Samoa_Joe,Samoa_Joe_06_2015.png,https://static.wikia.nocookie.net/prowrestling/images/c/c9/Samoa_Joe_06_2015.png/revision/latest?cb=20150629174743,Saved square portrait from Pro Wrestling Fandom page image
44,wwe-raw-logan-paul,Logan Paul,saved,Logan Paul,https://prowrestling.fandom.com/wiki/Logan_Paul,Logan_Paul_WWE_Render.png,https://static.wikia.nocookie.net/prowrestling/images/4/44/Logan_Paul_WWE_Render.png/revision/latest?cb=20220731201012,Saved square portrait from Pro Wrestling Fandom page image
45,aew-aew-roderick-strong,Roderick Strong,saved,Roderick Strong,https://prowrestling.fandom.com/wiki/Roderick_Strong,Roderick_Strong_stat_photo_UE.png,https://static.wikia.nocookie.net/prowrestling/images/b/b5/Roderick_Strong_stat_photo_UE.png/revision/latest?cb=20190602071709,Saved square portrait from Pro Wrestling Fandom page image
46,aew-aew-darby-allin,Darby Allin,saved,Darby Allin,https://prowrestling.fandom.com/wiki/Darby_Allin,Darby_Allin.png,https://static.wikia.nocookie.net/prowrestling/images/e/e3/Darby_Allin.png/revision/latest?cb=20191121163102,Saved square portrait from Pro Wrestling Fandom page image
47,wwe-smackdown-nia-jax,Nia Jax,saved,Nia Jax,https://prowrestling.fandom.com/wiki/Nia_Jax,Nia_Jax_2024.png,https://static.wikia.nocookie.net/prowrestling/images/d/df/Nia_Jax_2024.png/revision/latest?cb=20240305184424,Saved square portrait from Pro Wrestling Fandom page image
48,aew-aew-bobby-lashley,Bobby Lashley,saved,Bobby Lashley,https://prowrestling.fandom.com/wiki/Bobby_Lashley,Bobby_Lashley_2018_Full.png,https://static.wikia.nocookie.net/prowrestling/images/a/ad/Bobby_Lashley_2018_Full.png/revision/latest?cb=20180905122312,Saved square portrait from Pro Wrestling Fandom page image
49,wwe-raw-bronson-reed,Bronson Reed,saved,Jonah Rock,https://prowrestling.fandom.com/wiki/Jonah_Rock,Bronson_Reed_stat.png,https://static.wikia.nocookie.net/prowrestling/images/f/fb/Bronson_Reed_stat.png/revision/latest?cb=20190718021659,Saved square portrait from Pro Wrestling Fandom page image
50,wwe-smackdown-kevin-owens,Kevin Owens,saved,Kevin Owens,https://prowrestling.fandom.com/wiki/Kevin_Owens,Kevin_owens_png_render_wwe_2021_by_v_mozz_dej6faa-pre.png,https://static.wikia.nocookie.net/prowrestling/images/e/eb/Kevin_owens_png_render_wwe_2021_by_v_mozz_dej6faa-pre.png/revision/latest?cb=20220805065801,Saved square portrait from Pro Wrestling Fandom page image
51,aew-aew-mark-davis,Mark Davis,saved,Mark Davis,https://prowrestling.fandom.com/wiki/Mark_Davis,Mark_Davis_Updated.png,https://static.wikia.nocookie.net/prowrestling/images/7/7b/Mark_Davis_Updated.png/revision/latest?cb=20220620070723,Saved square portrait from Pro Wrestling Fandom page image
52,wwe-raw-la-knight,LA Knight,saved,LA Knight,https://prowrestling.fandom.com/wiki/LA_Knight,LA_Knight.png,https://static.wikia.nocookie.net/prowrestling/images/a/a1/LA_Knight.png/revision/latest?cb=20210517024519,Saved square portrait from Pro Wrestling Fandom page image
53,wwe-smackdown-sami-zayn,Sami Zayn,saved,Sami Zayn,https://prowrestling.fandom.com/wiki/Sami_Zayn,SamiZayn2022.png,https://static.wikia.nocookie.net/prowrestling/images/7/7b/SamiZayn2022.png/revision/latest?cb=20220503062709,Saved square portrait from Pro Wrestling Fandom page image
54,wwe-smackdown-giulia,Giulia,saved,Giulia,https://prowrestling.fandom.com/wiki/Giulia,Giulia_NXT.png,https://static.wikia.nocookie.net/prowrestling/images/e/e2/Giulia_NXT.png/revision/latest?cb=20241001090959,Saved square portrait from Pro Wrestling Fandom page image
55,wwe-raw-nattie,Nattie,saved,Natalya,https://prowrestling.fandom.com/wiki/Natalya,Natalya_2017_stat_photo.png,https://static.wikia.nocookie.net/prowrestling/images/8/8c/Natalya_2017_stat_photo.png/revision/latest?cb=20170117225429,Saved square portrait from Pro Wrestling Fandom page image
56,wwe-raw-raquel-rodriguez,Raquel Rodriguez,saved,Raquel Rodriguez,https://prowrestling.fandom.com/wiki/Raquel_Rodriguez,Raquel_Rodriguez_2026.png,https://static.wikia.nocookie.net/prowrestling/images/f/fb/Raquel_Rodriguez_2026.png/revision/latest?cb=20260127161835,Saved square portrait from Pro Wrestling Fandom page image
57,wwe-smackdown-damian-priest,Damian Priest,saved,Damian Priest,https://prowrestling.fandom.com/wiki/Damian_Priest,DamianPriest2022.png,https://static.wikia.nocookie.net/prowrestling/images/d/d3/DamianPriest2022.png/revision/latest?cb=20220503053221,Saved square portrait from Pro Wrestling Fandom page image
58,aew-aew-ricochet,Ricochet,saved,Ricochet,https://prowrestling.fandom.com/wiki/Ricochet,Ricochet_stat_photo.png,https://static.wikia.nocookie.net/prowrestling/images/1/12/Ricochet_stat_photo.png/revision/latest?cb=20180329232809,Saved square portrait from Pro Wrestling Fandom page image
59,wwe-raw-sheamus,Sheamus,saved,Sheamus,https://prowrestling.fandom.com/wiki/Sheamus,Sheamus2022.png,https://static.wikia.nocookie.net/prowrestling/images/8/85/Sheamus2022.png/revision/latest?cb=20220503063137,Saved square portrait from Pro Wrestling Fandom page image
60,wwe-raw-finn-b-lor,Finn Bálor,saved,Finn Bálor,https://prowrestling.fandom.com/wiki/Finn_B%C3%A1lor,Finn_Bálor_Judgement_Day_Look.png,https://static.wikia.nocookie.net/prowrestling/images/1/1b/Finn_B%C3%A1lor_Judgement_Day_Look.png/revision/latest/scale-to-width-down/834?cb=20231115195601,Saved square portrait from Pro Wrestling Fandom page image
61,wwe-raw-dominik-mysterio,Dominik Mysterio,saved,Dominik Mysterio,https://prowrestling.fandom.com/wiki/Dominik_Mysterio,Dominik_Mysterio_2025.png,https://static.wikia.nocookie.net/prowrestling/images/1/1b/Dominik_Mysterio_2025.png/revision/latest?cb=20250204212937,Saved square portrait from Pro Wrestling Fandom page image
62,aew-aew-lena-kross,Lena Kross,saved,Lena Kross,https://prowrestling.fandom.com/wiki/Lena_Kross,Lena_Kross_2026.png,https://static.wikia.nocookie.net/prowrestling/images/9/91/Lena_Kross_2026.png/revision/latest/scale-to-width-down/1135?cb=20260316090433,Saved square portrait from Pro Wrestling Fandom page image
63,wwe-smackdown-alexa-bliss,Alexa Bliss,saved,Alexa Bliss,https://prowrestling.fandom.com/wiki/Alexa_Bliss,Alexa_Bliss_2022_render.png,https://static.wikia.nocookie.net/prowrestling/images/e/e9/Alexa_Bliss_2022_render.png/revision/latest?cb=20220614224350,Saved square portrait from Pro Wrestling Fandom page image
64,wwe-raw-jimmy-uso,Jimmy Uso,saved,Jimmy Uso,https://prowrestling.fandom.com/wiki/Jimmy_Uso,JimmyUsofull2022.png,https://static.wikia.nocookie.net/prowrestling/images/3/30/JimmyUsofull2022.png/revision/latest?cb=20220503062024,Saved square portrait from Pro Wrestling Fandom page image
65,wwe-smackdown-shinsuke-nakamura,Shinsuke Nakamura,saved,Shinsuke Nakamura,https://prowrestling.fandom.com/wiki/Shinsuke_Nakamura,Shinsuke_Nakamura2.png,https://static.wikia.nocookie.net/prowrestling/images/d/dd/Shinsuke_Nakamura2.png/revision/latest?cb=20191026030215,Saved square portrait from Pro Wrestling Fandom page image
66,wwe-raw-penta,Penta,saved,Penta El Zero M,https://prowrestling.fandom.com/wiki/Penta_El_Zero_M,Penta2019.jpg,https://static.wikia.nocookie.net/prowrestling/images/3/32/Penta2019.jpg/revision/latest?cb=20190216191637,Saved square portrait from Pro Wrestling Fandom page image
67,wwe-smackdown-chelsea-green,Chelsea Green,saved,Chelsea Green,https://prowrestling.fandom.com/wiki/Chelsea_Green,Chelsea_Green_2023.png,https://static.wikia.nocookie.net/prowrestling/images/f/f3/Chelsea_Green_2023.png/revision/latest?cb=20230412041848,Saved square portrait from Pro Wrestling Fandom page image
68,wwe-smackdown-ilja-dragunov,Ilja Dragunov,saved,Ilja Dragunov,https://prowrestling.fandom.com/wiki/Ilja_Dragunov,Ilja_Dragunov_stat.png,https://static.wikia.nocookie.net/prowrestling/images/b/ba/Ilja_Dragunov_stat.png/revision/latest?cb=20190820180052,Saved square portrait from Pro Wrestling Fandom page image
69,wwe-raw-roxanne-perez,Roxanne Perez,saved,Roxanne Perez,https://prowrestling.fandom.com/wiki/Roxanne_Perez,Roxanne_Perez_2026.png,https://static.wikia.nocookie.net/prowrestling/images/a/a8/Roxanne_Perez_2026.png/revision/latest?cb=20260127161504,Saved square portrait from Pro Wrestling Fandom page image
70,wwe-smackdown-trick-williams,Trick Williams,saved,Trick Williams,https://prowrestling.fandom.com/wiki/Trick_Williams,Trick_Williams.png,https://static.wikia.nocookie.net/prowrestling/images/a/a4/Trick_Williams.png/revision/latest/scale-to-width-down/1035?cb=20230412035500,Saved square portrait from Pro Wrestling Fandom page image
71,aew-aew-mark-briscoe,Mark Briscoe,saved,Mark Briscoe,https://prowrestling.fandom.com/wiki/Mark_Briscoe,Markbriscoebio_0.png,https://static.wikia.nocookie.net/prowrestling/images/6/68/Markbriscoebio_0.png/revision/latest?cb=20130903005529,Saved square portrait from Pro Wrestling Fandom page image
72,aew-aew-tommaso-ciampa,Tommaso Ciampa,saved,Tommaso Ciampa,https://prowrestling.fandom.com/wiki/Tommaso_Ciampa,Tommaso_Ciampa_stat_photo.png,https://static.wikia.nocookie.net/prowrestling/images/9/97/Tommaso_Ciampa_stat_photo.png/revision/latest?cb=20180303004407,Saved square portrait from Pro Wrestling Fandom page image
73,aew-aew-christian-cage,Christian Cage,saved,Christian,https://prowrestling.fandom.com/wiki/Christian,Christian_full.png,https://static.wikia.nocookie.net/prowrestling/images/2/2a/Christian_full.png/revision/latest?cb=20120312120547,Saved square portrait from Pro Wrestling Fandom page image
74,wwe-raw-el-grande-americano,El Grande Americano,saved,Chad Gable,https://prowrestling.fandom.com/wiki/Chad_Gable,ChadGable2022.png,https://static.wikia.nocookie.net/prowrestling/images/5/51/ChadGable2022.png/revision/latest?cb=20220503053004,Saved square portrait from Pro Wrestling Fandom page image
75,aew-aew-matt-jackson,Matt Jackson,saved,Matt Jackson,https://prowrestling.fandom.com/wiki/Matt_Jackson,Matt_Jackson_AEW_2022.png,https://static.wikia.nocookie.net/prowrestling/images/3/39/Matt_Jackson_AEW_2022.png/revision/latest?cb=20220905093904,Saved square portrait from Pro Wrestling Fandom page image
76,aew-aew-nick-jackson,Nick Jackson,saved,Nick Jackson,https://prowrestling.fandom.com/wiki/Nick_Jackson,Nick_Jackson_AEW_2022.png,https://static.wikia.nocookie.net/prowrestling/images/5/55/Nick_Jackson_AEW_2022.png/revision/latest?cb=20220905093758,Saved square portrait from Pro Wrestling Fandom page image
77,wwe-raw-original-el-grande-americano,Original El Grande Americano,saved,Rey Mysterio,https://prowrestling.fandom.com/wiki/Rey_Mysterio,619.png,https://static.wikia.nocookie.net/prowrestling/images/2/2e/619.png/revision/latest/scale-to-width-down/1197?cb=20220805070508,Saved square portrait from Pro Wrestling Fandom page image
78,wwe-smackdown-solo-sikoa,Solo Sikoa,saved,Solo Sikoa,https://prowrestling.fandom.com/wiki/Solo_Sikoa,Solo_Sikoa_2026.png,https://static.wikia.nocookie.net/prowrestling/images/a/aa/Solo_Sikoa_2026.png/revision/latest?cb=20260403110651,Saved square portrait from Pro Wrestling Fandom page image
79,wwe-raw-rey-mysterio,Rey Mysterio,saved,Rey Mysterio,https://prowrestling.fandom.com/wiki/Rey_Mysterio,619.png,https://static.wikia.nocookie.net/prowrestling/images/2/2e/619.png/revision/latest/scale-to-width-down/1197?cb=20220805070508,Saved square portrait from Pro Wrestling Fandom page image
80,aew-aew-athena,Athena,saved,Ember Moon,https://prowrestling.fandom.com/wiki/Ember_Moon,Ember_Moon.png,https://static.wikia.nocookie.net/prowrestling/images/b/b1/Ember_Moon.png/revision/latest/scale-to-width-down/1273?cb=20210223074623,Saved square portrait from Pro Wrestling Fandom page image
81,aew-aew-hikaru-shida,Hikaru Shida,saved,Hikaru Shida,https://prowrestling.fandom.com/wiki/Hikaru_Shida,Hikaru_Shida_2023.png,https://static.wikia.nocookie.net/prowrestling/images/f/f3/Hikaru_Shida_2023.png/revision/latest?cb=20231028014257,Saved square portrait from Pro Wrestling Fandom page image
82,aew-aew-jamie-hayter,Jamie Hayter,saved,Jamie Hayter,https://prowrestling.fandom.com/wiki/Jamie_Hayter,Jamie_Hayter_2024.png,https://static.wikia.nocookie.net/prowrestling/images/8/83/Jamie_Hayter_2024.png/revision/latest?cb=20240901074514,Saved square portrait from Pro Wrestling Fandom page image
83,aew-aew-kris-statlander,Kris Statlander,saved,Kris Statlander,https://prowrestling.fandom.com/wiki/Kris_Statlander,Kris_Statlander_2023.png,https://static.wikia.nocookie.net/prowrestling/images/5/55/Kris_Statlander_2023.png/revision/latest?cb=20230531012852,Saved square portrait from Pro Wrestling Fandom page image
84,wwe-raw-lyra-valkyria,Lyra Valkyria,saved,Lyra Valkyria,https://prowrestling.fandom.com/wiki/Lyra_Valkyria,Lyra_Valkyria.png,https://static.wikia.nocookie.net/prowrestling/images/c/ce/Lyra_Valkyria.png/revision/latest?cb=20230412032424,Saved square portrait from Pro Wrestling Fandom page image
85,aew-aew-thunder-rosa,Thunder Rosa,saved,Thunder Rosa,https://prowrestling.fandom.com/wiki/Thunder_Rosa,Thunder_Rosa_2021_AEW.png,https://static.wikia.nocookie.net/prowrestling/images/c/ce/Thunder_Rosa_2021_AEW.png/revision/latest?cb=20220808123643,Saved square portrait from Pro Wrestling Fandom page image
86,wwe-raw-ethan-page,Ethan Page,saved,Ethan Page,https://prowrestling.fandom.com/wiki/Ethan_Page,Ethan_Page_render.png,https://static.wikia.nocookie.net/prowrestling/images/1/17/Ethan_Page_render.png/revision/latest?cb=20220615233151,Saved square portrait from Pro Wrestling Fandom page image
87,aew-aew-hangman-adam-page,"""Hangman"" Adam Page",saved,Adam Page,https://prowrestling.fandom.com/wiki/Adam_Page,Hangman_Adam.PNG,https://static.wikia.nocookie.net/prowrestling/images/f/fa/Hangman_Adam.PNG/revision/latest?cb=20220805060355,Saved square portrait from Pro Wrestling Fandom page image
88,wwe-smackdown-carmelo-hayes,Carmelo Hayes,saved,Carmelo Hayes,https://prowrestling.fandom.com/wiki/Carmelo_Hayes,CarmeloHayesNoBelt.png,https://static.wikia.nocookie.net/prowrestling/images/d/d9/CarmeloHayesNoBelt.png/revision/latest?cb=20220503065002,Saved square portrait from Pro Wrestling Fandom page image
89,aew-aew-konosuke-takeshita,Konosuke Takeshita,saved,Konosuke Takeshita,https://prowrestling.fandom.com/wiki/Konosuke_Takeshita,Konosuke_Takeshita_DDT_render.png,https://static.wikia.nocookie.net/prowrestling/images/0/02/Konosuke_Takeshita_DDT_render.png/revision/latest?cb=20230311065324,Saved square portrait from Pro Wrestling Fandom page image
90,wwe-raw-austin-theory,Austin Theory,saved,Austin Theory,https://prowrestling.fandom.com/wiki/Austin_Theory,Austin_Theory_Vision.png,https://static.wikia.nocookie.net/prowrestling/images/c/c4/Austin_Theory_Vision.png/revision/latest?cb=20260125083051,Saved square portrait from Pro Wrestling Fandom page image
91,aew-aew-kyle-fletcher,Kyle Fletcher,saved,Kyle Fletcher,https://prowrestling.fandom.com/wiki/Kyle_Fletcher,Kyle_Fletcher_Shaved_Head.png,https://static.wikia.nocookie.net/prowrestling/images/b/bf/Kyle_Fletcher_Shaved_Head.png/revision/latest?cb=20241104080723,Saved square portrait from Pro Wrestling Fandom page image
92,aew-aew-shelton-benjamin,Shelton Benjamin,saved,Shelton Benjamin,https://prowrestling.fandom.com/wiki/Shelton_Benjamin,Shelton_Benjamin_stat_photo.png,https://static.wikia.nocookie.net/prowrestling/images/4/45/Shelton_Benjamin_stat_photo.png/revision/latest?cb=20170915013323,Saved square portrait from Pro Wrestling Fandom page image
93,wwe-raw-joe-hendry,Joe Hendry,saved,Joe Hendry,https://prowrestling.fandom.com/wiki/Joe_Hendry,I_believe_in_Joe_Hendry.jpg,https://static.wikia.nocookie.net/prowrestling/images/e/e0/I_believe_in_Joe_Hendry.jpg/revision/latest?cb=20240619010109,Saved square portrait from Pro Wrestling Fandom page image
94,wwe-smackdown-ricky-saints,Ricky Saints,saved,Ricky Starks,https://prowrestling.fandom.com/wiki/Ricky_Starks,Ricky_Saints.png,https://static.wikia.nocookie.net/prowrestling/images/f/f1/Ricky_Saints.png/revision/latest?cb=20250219023346,Saved square portrait from Pro Wrestling Fandom page image
95,aew-aew-adam-cole,Adam Cole,saved,Adam Cole,https://prowrestling.fandom.com/wiki/Adam_Cole,Adam_Cole_stat_photo_2019.png,https://static.wikia.nocookie.net/prowrestling/images/e/eb/Adam_Cole_stat_photo_2019.png/revision/latest?cb=20190602035538,Saved square portrait from Pro Wrestling Fandom page image
96,wwe-smackdown-michin,Michin,saved,Mia Yim,https://prowrestling.fandom.com/wiki/Mia_Yim,Michin_(Mia_Yim)_2025.png,https://static.wikia.nocookie.net/prowrestling/images/d/d9/Michin_%28Mia_Yim%29_2025.png/revision/latest?cb=20250524200129,Saved square portrait from Pro Wrestling Fandom page image
97,wwe-smackdown-r-truth,R-Truth,saved,Ron Killings,https://prowrestling.fandom.com/wiki/Ron_Killings,R-Truth_Stat_Photo.png,https://static.wikia.nocookie.net/prowrestling/images/d/d1/R-Truth_Stat_Photo.png/revision/latest?cb=20160728013949,Saved square portrait from Pro Wrestling Fandom page image
98,wwe-smackdown-the-miz,The Miz,saved,The Miz,https://prowrestling.fandom.com/wiki/The_Miz,The_Miz_stat--0a50d3035ba1bf9ca5827c3e8af2fbcf.png,https://static.wikia.nocookie.net/prowrestling/images/7/7a/The_Miz_stat--0a50d3035ba1bf9ca5827c3e8af2fbcf.png/revision/latest?cb=20170719021252,Saved square portrait from Pro Wrestling Fandom page image
99,wwe-smackdown-jordynne-grace,Jordynne Grace,saved,Jordynne Grace,https://prowrestling.fandom.com/wiki/Jordynne_Grace,Jordynne_Grace_WWE_2025.png,https://static.wikia.nocookie.net/prowrestling/images/1/13/Jordynne_Grace_WWE_2025.png/revision/latest?cb=20250828223410,Saved square portrait from Pro Wrestling Fandom page image
100,wwe-smackdown-lash-legend,Lash Legend,saved,Lash Legend,https://prowrestling.fandom.com/wiki/Lash_Legend,Lash_Legend_2024.png,https://static.wikia.nocookie.net/prowrestling/images/9/93/Lash_Legend_2024.png/revision/latest/scale-to-width-down/816?cb=20240302103222,Saved square portrait from Pro Wrestling Fandom page image
101,aew-aew-dr-britt-baker-d-m-d,"Dr. Britt Baker, D.M.D.",saved,Britt Baker,https://prowrestling.fandom.com/wiki/Britt_Baker,Britt_Baker_2022_render.png,https://static.wikia.nocookie.net/prowrestling/images/0/08/Britt_Baker_2022_render.png/revision/latest/scale-to-width-down/1093?cb=20220909105950,Saved square portrait from Pro Wrestling Fandom page image
102,aew-aew-timeless-toni-storm,"""Timeless"" Toni Storm",saved,Toni Storm,https://prowrestling.fandom.com/wiki/Toni_Storm,Timeless_Toni_Storm.png,https://static.wikia.nocookie.net/prowrestling/images/a/a5/Timeless_Toni_Storm.png/revision/latest?cb=20231129093159,Saved square portrait from Pro Wrestling Fandom page image
103,wwe-raw-montez-ford,Montez Ford,saved,Montez Ford,https://prowrestling.fandom.com/wiki/Montez_Ford,Montez_Ford_stat_photo.png,https://static.wikia.nocookie.net/prowrestling/images/6/60/Montez_Ford_stat_photo.png/revision/latest?cb=20170919203226,Saved square portrait from Pro Wrestling Fandom page image
104,wwe-smackdown-jacy-jayne,Jacy Jayne,saved,Jacy Jayne,https://prowrestling.fandom.com/wiki/Jacy_Jayne,Jacy_Jayne_2024.png,https://static.wikia.nocookie.net/prowrestling/images/e/eb/Jacy_Jayne_2024.png/revision/latest?cb=20241031074702,Saved square portrait from Pro Wrestling Fandom page image
105,wwe-nxt-kelani-jordan,Kelani Jordan,saved,Kelani Jordan,https://prowrestling.fandom.com/wiki/Kelani_Jordan,Kelani_Jordan_2026.png,https://static.wikia.nocookie.net/prowrestling/images/2/24/Kelani_Jordan_2026.png/revision/latest?cb=20260511232651,Saved square portrait from Pro Wrestling Fandom page image
106,wwe-raw-dragon-lee,Dragon Lee,saved,Dragon Lee,https://prowrestling.fandom.com/wiki/Dragon_Lee,Dragon_Lee_PNG.png,https://static.wikia.nocookie.net/prowrestling/images/2/2d/Dragon_Lee_PNG.png/revision/latest?cb=20230327013805,Saved square portrait from Pro Wrestling Fandom page image
107,wwe-raw-jd-mcdonagh,JD McDonagh,saved,Jordan Devlin,https://prowrestling.fandom.com/wiki/Jordan_Devlin,J.D._McDonagh_2025.png,https://static.wikia.nocookie.net/prowrestling/images/f/fb/J.D._McDonagh_2025.png/revision/latest?cb=20250724183022,Saved square portrait from Pro Wrestling Fandom page image
108,wwe-nxt-tony-d-angelo,Tony D'Angelo,saved,Tony D'Angelo,https://prowrestling.fandom.com/wiki/Tony_D%27Angelo,Tony_D'Angelo_2026.png,https://static.wikia.nocookie.net/prowrestling/images/4/45/Tony_D%27Angelo_2026.png/revision/latest?cb=20260321153915,Saved square portrait from Pro Wrestling Fandom page image
109,wwe-raw-angelo-dawkins,Angelo Dawkins,saved,Angelo Dawkins,https://prowrestling.fandom.com/wiki/Angelo_Dawkins,Angelo_Dawkins_stat_photo_2017.png,https://static.wikia.nocookie.net/prowrestling/images/a/a3/Angelo_Dawkins_stat_photo_2017.png/revision/latest?cb=20170919203430,Saved square portrait from Pro Wrestling Fandom page image
110,wwe-raw-je-von-evans,Je'Von Evans,saved,Jay Malachi,https://prowrestling.fandom.com/wiki/Jay_Malachi,Je'Von_Evans_2025.png,https://static.wikia.nocookie.net/prowrestling/images/5/58/Je%27Von_Evans_2025.png/revision/latest?cb=20251218071709,Saved square portrait from Pro Wrestling Fandom page image
111,wwe-smackdown-blake-monroe,Blake Monroe,saved,Mariah May,https://prowrestling.fandom.com/wiki/Mariah_May,Blake_Monroe.png,https://static.wikia.nocookie.net/prowrestling/images/d/d3/Blake_Monroe.png/revision/latest?cb=20250910153131,Saved square portrait from Pro Wrestling Fandom page image
112,wwe-smackdown-fallon-henley,Fallon Henley,saved,Tesha Price,https://prowrestling.fandom.com/wiki/Tesha_Price,Fallon_Henley_2023.png,https://static.wikia.nocookie.net/prowrestling/images/5/5f/Fallon_Henley_2023.png/revision/latest?cb=20231211181811,Saved square portrait from Pro Wrestling Fandom page image
113,wwe-nxt-lola-vice,Lola Vice,saved,Lola Vice,https://prowrestling.fandom.com/wiki/Lola_Vice,Lola_Vice.png,https://static.wikia.nocookie.net/prowrestling/images/b/b6/Lola_Vice.png/revision/latest/scale-to-width-down/980?cb=20230222084118,Saved square portrait from Pro Wrestling Fandom page image
114,wwe-raw-maxxine-dupri,Maxxine Dupri,saved,Maxxine Dupri,https://prowrestling.fandom.com/wiki/Maxxine_Dupri,MaxxineDupriRender.png,https://static.wikia.nocookie.net/prowrestling/images/2/2d/MaxxineDupriRender.png/revision/latest?cb=20251014185819,Saved square portrait from Pro Wrestling Fandom page image
115,wwe-nxt-hank-walker,Hank Walker,saved,Hank Walker,https://prowrestling.fandom.com/wiki/Hank_Walker,Hank_Walker_2025.png,https://static.wikia.nocookie.net/prowrestling/images/1/17/Hank_Walker_2025.png/revision/latest?cb=20251227105138,Saved square portrait from Pro Wrestling Fandom page image
116,wwe-nxt-tank-ledger,Tank Ledger,saved,Joe Spivak,https://prowrestling.fandom.com/wiki/Joe_Spivak,Tank_Ledger.png,https://static.wikia.nocookie.net/prowrestling/images/3/38/Tank_Ledger.png/revision/latest?cb=20240929063413,Saved square portrait from Pro Wrestling Fandom page image
117,wwe-raw-ivar,Ivar,saved,Ivar,https://prowrestling.fandom.com/wiki/Ivar,Ivar_2020_by_nuruddinayobwwe_dduw5gq-fullview.png,https://static.wikia.nocookie.net/prowrestling/images/f/fa/Ivar_2020_by_nuruddinayobwwe_dduw5gq-fullview.png/revision/latest?cb=20220805072037,Saved square portrait from Pro Wrestling Fandom page image
118,wwe-nxt-jaida-parker,Jaida Parker,saved,Jaida Parker,https://prowrestling.fandom.com/wiki/Jaida_Parker,Jaida_Parker.png,https://static.wikia.nocookie.net/prowrestling/images/8/84/Jaida_Parker.png/revision/latest?cb=20231120115709,Saved square portrait from Pro Wrestling Fandom page image
119,wwe-raw-sol-ruca,Sol Ruca,saved,Sol Ruca,https://prowrestling.fandom.com/wiki/Sol_Ruca,Sol_Ruca_2.png,https://static.wikia.nocookie.net/prowrestling/images/5/53/Sol_Ruca_2.png/revision/latest?cb=20230309190832,Saved square portrait from Pro Wrestling Fandom page image
120,wwe-raw-erik,Erik,saved,Erik,https://prowrestling.fandom.com/wiki/Erik,VIKING.png,https://static.wikia.nocookie.net/prowrestling/images/f/fc/VIKING.png/revision/latest/scale-to-width-down/1023?cb=20220805071904,Saved square portrait from Pro Wrestling Fandom page image
121,wwe-nxt-noam-dar,Noam Dar,saved,Noam Dar,https://prowrestling.fandom.com/wiki/Noam_Dar,Noam_Dar_Stat_Photo.png,https://static.wikia.nocookie.net/prowrestling/images/4/4c/Noam_Dar_Stat_Photo.png/revision/latest?cb=20160919114226,Saved square portrait from Pro Wrestling Fandom page image
122,wwe-raw-ivy-nile,Ivy Nile,saved,Ivy Nile,https://prowrestling.fandom.com/wiki/Ivy_Nile,Ivy_Nile.png,https://static.wikia.nocookie.net/prowrestling/images/c/cc/Ivy_Nile.png/revision/latest/scale-to-width-down/1536?cb=20230604195732,Saved square portrait from Pro Wrestling Fandom page image
123,wwe-nxt-izzi-dame,Izzi Dame,saved,Izzi Dame,https://prowrestling.fandom.com/wiki/Izzi_Dame,Izzi_Dame.png,https://static.wikia.nocookie.net/prowrestling/images/8/8b/Izzi_Dame.png/revision/latest?cb=20230802054253,Saved square portrait from Pro Wrestling Fandom page image
124,aew-aew-hologram,Hologram,saved,Aramis (luchador),https://prowrestling.fandom.com/wiki/Aramis_(luchador),Hologram_AEW.png,https://static.wikia.nocookie.net/prowrestling/images/f/fe/Hologram_AEW.png/revision/latest?cb=20260217211228,Saved square portrait from Pro Wrestling Fandom page image
125,aew-aew-luchasaurus,Luchasaurus,saved,Judas Devlin,https://prowrestling.fandom.com/wiki/Judas_Devlin,Luchasaurus_-_981-9813616.jpg,https://static.wikia.nocookie.net/prowrestling/images/d/db/Luchasaurus_-_981-9813616.jpg/revision/latest?cb=20190903154308,Saved square portrait from Pro Wrestling Fandom page image
126,wwe-raw-brutus-creed,Brutus Creed,saved,Brutus Creed,https://prowrestling.fandom.com/wiki/Brutus_Creed,Brutus_Creed_-_7f4b25dd6a2f48e089e5b38e0b4586ce.png,https://static.wikia.nocookie.net/prowrestling/images/3/32/Brutus_Creed_-_7f4b25dd6a2f48e089e5b38e0b4586ce.png/revision/latest?cb=20211208194821,Saved square portrait from Pro Wrestling Fandom page image
127,wwe-smackdown-johnny-gargano,Johnny Gargano,saved,Johnny Gargano,https://prowrestling.fandom.com/wiki/Johnny_Gargano,Johnny_Gargano_stat_photo_2018.png,https://static.wikia.nocookie.net/prowrestling/images/d/d6/Johnny_Gargano_stat_photo_2018.png/revision/latest?cb=20180217004030,Saved square portrait from Pro Wrestling Fandom page image
128,wwe-nxt-charlie-dempsey,Charlie Dempsey,saved,Bailey Matthews,https://prowrestling.fandom.com/wiki/Bailey_Matthews,Charlie_Dempsey.png,https://static.wikia.nocookie.net/prowrestling/images/1/19/Charlie_Dempsey.png/revision/latest?cb=20251122121845,Saved square portrait from Pro Wrestling Fandom page image
129,aew-aew-buddy-matthews,Buddy Matthews,saved,Buddy Murphy,https://prowrestling.fandom.com/wiki/Buddy_Murphy,Buddy_Murphy_2018_stat_photo.png,https://static.wikia.nocookie.net/prowrestling/images/6/61/Buddy_Murphy_2018_stat_photo.png/revision/latest?cb=20180301223104,Saved square portrait from Pro Wrestling Fandom page image
130,aew-aew-dustin-rhodes,Dustin Rhodes,saved,Goldust,https://prowrestling.fandom.com/wiki/Goldust,Dustin_Rhodes_-_AEW_-_71184129.jpg,https://static.wikia.nocookie.net/prowrestling/images/5/5d/Dustin_Rhodes_-_AEW_-_71184129.jpg/revision/latest?cb=20191019181321,Saved square portrait from Pro Wrestling Fandom page image
131,aew-aew-jake-doyle,Jake Doyle,saved,Jake Something,https://prowrestling.fandom.com/wiki/Jake_Something,Jake_Something_-_11231694.jpg,https://static.wikia.nocookie.net/prowrestling/images/7/75/Jake_Something_-_11231694.jpg/revision/latest?cb=20160529204423,Saved square portrait from Pro Wrestling Fandom page image
132,aew-aew-josh-alexander,Josh Alexander,saved,Josh Alexander,https://prowrestling.fandom.com/wiki/Josh_Alexander,JoshAlexander2022.jpg,https://static.wikia.nocookie.net/prowrestling/images/9/95/JoshAlexander2022.jpg/revision/latest?cb=20220508113433,Saved square portrait from Pro Wrestling Fandom page image
133,aew-aew-kota-ibushi,Kota Ibushi,saved,Kota Ibushi,https://prowrestling.fandom.com/wiki/Kota_Ibushi,Kota_Ibushi_1.png,https://static.wikia.nocookie.net/prowrestling/images/c/c2/Kota_Ibushi_1.png/revision/latest?cb=20180930120232,Saved square portrait from Pro Wrestling Fandom page image
134,wwe-nxt-myles-borne,Myles Borne,saved,Myles Borne,https://prowrestling.fandom.com/wiki/Myles_Borne,Myles_Borne_2025.png,https://static.wikia.nocookie.net/prowrestling/images/c/cb/Myles_Borne_2025.png/revision/latest?cb=20250924125546,Saved square portrait from Pro Wrestling Fandom page image
135,wwe-smackdown-nathan-frazer,Nathan Frazer,saved,Nathan Frazer,https://prowrestling.fandom.com/wiki/Nathan_Frazer,NathanFrazerWWE.png,https://static.wikia.nocookie.net/prowrestling/images/d/d7/NathanFrazerWWE.png/revision/latest?cb=20220504082738,Saved square portrait from Pro Wrestling Fandom page image
136,wwe-smackdown-axiom,Axiom,saved,A-Kid,https://prowrestling.fandom.com/wiki/A-Kid,Axiom.png,https://static.wikia.nocookie.net/prowrestling/images/0/05/Axiom.png/revision/latest?cb=20230301132409,Saved square portrait from Pro Wrestling Fandom page image
137,wwe-nxt-channing-stacks-lorenzo,"Channing ""Stacks"" Lorenzo",saved,Channing Lorenzo,https://prowrestling.fandom.com/wiki/Channing_Lorenzo,Channing_Lorenzo.jpg,https://static.wikia.nocookie.net/prowrestling/images/6/6e/Channing_Lorenzo.jpg/revision/latest?cb=20220507161847,Saved square portrait from Pro Wrestling Fandom page image
138,wwe-nxt-josh-briggs,Josh Briggs,saved,Josh Briggs,https://prowrestling.fandom.com/wiki/Josh_Briggs,Josh_Briggs_-_WWEProfilePic.png,https://static.wikia.nocookie.net/prowrestling/images/0/0f/Josh_Briggs_-_WWEProfilePic.png/revision/latest?cb=20210927173726,Saved square portrait from Pro Wrestling Fandom page image
139,wwe-nxt-nikkita-lyons,Nikkita Lyons,saved,Nikkita Lyons,https://prowrestling.fandom.com/wiki/Nikkita_Lyons,Nikkita_Lyons_2026.png,https://static.wikia.nocookie.net/prowrestling/images/0/08/Nikkita_Lyons_2026.png/revision/latest?cb=20260518182515,Saved square portrait from Pro Wrestling Fandom page image
140,wwe-smackdown-kit-wilson,Kit Wilson,saved,Kit Wilson,https://prowrestling.fandom.com/wiki/Kit_Wilson,Kit_Wilson_2026.png,https://static.wikia.nocookie.net/prowrestling/images/7/73/Kit_Wilson_2026.png/revision/latest?cb=20260208224407,Saved square portrait from Pro Wrestling Fandom page image
141,wwe-smackdown-royce-keys,Royce Keys,saved,Will Hobbs,https://prowrestling.fandom.com/wiki/Will_Hobbs,POWERHOUSE_HOBBS_-_NO_BG.png,https://static.wikia.nocookie.net/prowrestling/images/2/2d/POWERHOUSE_HOBBS_-_NO_BG.png/revision/latest?cb=20230316000816,Saved square portrait from Pro Wrestling Fandom page image
142,wwe-raw-rusev,Rusev,saved,Rusev,https://prowrestling.fandom.com/wiki/Rusev,Rusev_2025.png,https://static.wikia.nocookie.net/prowrestling/images/d/d4/Rusev_2025.png/revision/latest?cb=20250602145139,Saved square portrait from Pro Wrestling Fandom page image
143,wwe-smackdown-tama-tonga,Tama Tonga,saved,Tama Tonga,https://prowrestling.fandom.com/wiki/Tama_Tonga,Tama_Tonga_2026.png,https://static.wikia.nocookie.net/prowrestling/images/d/d8/Tama_Tonga_2026.png/revision/latest?cb=20260403110714,Saved square portrait from Pro Wrestling Fandom page image
144,wwe-raw-otis,Otis,saved,Otis Dozovic,https://prowrestling.fandom.com/wiki/Otis_Dozovic,Otis2022.png,https://static.wikia.nocookie.net/prowrestling/images/5/56/Otis2022.png/revision/latest?cb=20220503060949,Saved square portrait from Pro Wrestling Fandom page image
145,wwe-nxt-bronco-nima,Bronco Nima,saved,Bronco Nima,https://prowrestling.fandom.com/wiki/Bronco_Nima,Bronco_Nima_2023.png,https://static.wikia.nocookie.net/prowrestling/images/3/3f/Bronco_Nima_2023.png/revision/latest?cb=20231004222947,Saved square portrait from Pro Wrestling Fandom page image
146,wwe-nxt-kali-armstrong,Kali Armstrong,saved,Kali Armstrong,https://prowrestling.fandom.com/wiki/Kali_Armstrong,Kali_Armstrong_2026.png,https://static.wikia.nocookie.net/prowrestling/images/e/ea/Kali_Armstrong_2026.png/revision/latest?cb=20260511232649,Saved square portrait from Pro Wrestling Fandom page image
147,wwe-nxt-adriana-rizzo,Adriana Rizzo,saved,Adriana Rizzo,https://prowrestling.fandom.com/wiki/Adriana_Rizzo,Adriana_Rizzo.png,https://static.wikia.nocookie.net/prowrestling/images/1/16/Adriana_Rizzo.png/revision/latest?cb=20240215003032,Saved square portrait from Pro Wrestling Fandom page image
148,wwe-nxt-arianna-grace,Arianna Grace,saved,Arianna Grace,https://prowrestling.fandom.com/wiki/Arianna_Grace,Arianna_Grace_2023.png,https://static.wikia.nocookie.net/prowrestling/images/a/a4/Arianna_Grace_2023.png/revision/latest?cb=20231019201104,Saved square portrait from Pro Wrestling Fandom page image
149,wwe-nxt-karmen-petrovic,Karmen Petrovic,saved,Karmen Petrovic,https://prowrestling.fandom.com/wiki/Karmen_Petrovic,Karmen_Petrovic_2025.png,https://static.wikia.nocookie.net/prowrestling/images/9/9f/Karmen_Petrovic_2025.png/revision/latest?cb=20250828222923,Saved square portrait from Pro Wrestling Fandom page image
150,wwe-nxt-kendal-grey,Kendal Grey,saved,Peyton Prussin,https://prowrestling.fandom.com/wiki/Peyton_Prussin,Kendal_Grey_2025.png,https://static.wikia.nocookie.net/prowrestling/images/1/11/Kendal_Grey_2025.png/revision/latest?cb=20251212192228,Saved square portrait from Pro Wrestling Fandom page image
151,wwe-smackdown-kiana-james,Kiana James,saved,Kiana James,https://prowrestling.fandom.com/wiki/Kiana_James,Kiana_James_2023.png,https://static.wikia.nocookie.net/prowrestling/images/4/49/Kiana_James_2023.png/revision/latest?cb=20231129115412,Saved square portrait from Pro Wrestling Fandom page image
152,wwe-smackdown-lainey-reid,Lainey Reid,saved,Lainey Reid,https://prowrestling.fandom.com/wiki/Lainey_Reid,Lainey_Reid_2025.png,https://static.wikia.nocookie.net/prowrestling/images/b/b7/Lainey_Reid_2025.png/revision/latest?cb=20251028213345,Saved square portrait from Pro Wrestling Fandom page image
153,wwe-nxt-lizzy-rain,Lizzy Rain,saved,Rayne Leverkusen,https://prowrestling.fandom.com/wiki/Rayne_Leverkusen,Lizzy_Rain.png,https://static.wikia.nocookie.net/prowrestling/images/0/09/Lizzy_Rain.png/revision/latest?cb=20260518181052,Saved square portrait from Pro Wrestling Fandom page image
154,wwe-nxt-myka-lockwood,Myka Lockwood,saved,Bayley Humphrey,https://prowrestling.fandom.com/wiki/Bayley_Humphrey,Myka_Lockwood.png,https://static.wikia.nocookie.net/prowrestling/images/b/b4/Myka_Lockwood.png/revision/latest?cb=20260315171851,Saved square portrait from Pro Wrestling Fandom page image
155,wwe-smackdown-piper-niven,Piper Niven,saved,Piper Niven,https://prowrestling.fandom.com/wiki/Piper_Niven,Piper_Niven_(Secret_Hervice).png,https://static.wikia.nocookie.net/prowrestling/images/a/a2/Piper_Niven_%28Secret_Hervice%29.png/revision/latest?cb=20251213225021,Saved square portrait from Pro Wrestling Fandom page image
156,wwe-nxt-skylar-raye,Skylar Raye,saved,Dani Sekelsky,https://prowrestling.fandom.com/wiki/Dani_Sekelsky,Dani_Sekelsky.png,https://static.wikia.nocookie.net/prowrestling/images/0/07/Dani_Sekelsky.png/revision/latest?cb=20250303162202,Saved square portrait from Pro Wrestling Fandom page image
157,wwe-nxt-tatum-paxley,Tatum Paxley,saved,Tatum Paxley,https://prowrestling.fandom.com/wiki/Tatum_Paxley,Tatum_Paxley_2024.png,https://static.wikia.nocookie.net/prowrestling/images/3/30/Tatum_Paxley_2024.png/revision/latest?cb=20240309035246,Saved square portrait from Pro Wrestling Fandom page image
158,wwe-nxt-thea-hail,Thea Hail,saved,Thea Hail,https://prowrestling.fandom.com/wiki/Thea_Hail,Thea_Hail_2026.png,https://static.wikia.nocookie.net/prowrestling/images/7/7f/Thea_Hail_2026.png/revision/latest?cb=20260511232653,Saved square portrait from Pro Wrestling Fandom page image
159,wwe-nxt-wendy-choo,Wendy Choo,saved,Karen Q,https://prowrestling.fandom.com/wiki/Karen_Q,Wendy_Choo_2026.png,https://static.wikia.nocookie.net/prowrestling/images/7/72/Wendy_Choo_2026.png/revision/latest?cb=20260416150218,Saved square portrait from Pro Wrestling Fandom page image
160,wwe-nxt-wren-sinclair,Wren Sinclair,saved,Madi Wrenkowski,https://prowrestling.fandom.com/wiki/Madi_Wrenkowski,Wren_Sinclair.png,https://static.wikia.nocookie.net/prowrestling/images/4/47/Wren_Sinclair.png/revision/latest?cb=20250815221800,Saved square portrait from Pro Wrestling Fandom page image
161,wwe-nxt-zaria,Zaria,saved,DELTA,https://prowrestling.fandom.com/wiki/DELTA,Zaria.png,https://static.wikia.nocookie.net/prowrestling/images/3/38/Zaria.png/revision/latest?cb=20241227214656,Saved square portrait from Pro Wrestling Fandom page image
162,wwe-raw-cruz-del-toro,Cruz Del Toro,saved,Raul Mendoza,https://prowrestling.fandom.com/wiki/Raul_Mendoza,Raul_Mendoza_Stat2.png,https://static.wikia.nocookie.net/prowrestling/images/0/0b/Raul_Mendoza_Stat2.png/revision/latest?cb=20200710162404,Saved square portrait from Pro Wrestling Fandom page image
163,wwe-smackdown-talla-tonga,Talla Tonga,saved,HIKULEO,https://prowrestling.fandom.com/wiki/HIKULEO,Talla_Tonga.png,https://static.wikia.nocookie.net/prowrestling/images/4/49/Talla_Tonga.png/revision/latest?cb=20260403110706,Saved square portrait from Pro Wrestling Fandom page image
164,wwe-smackdown-angel,Angel,saved,Angel Garza,https://prowrestling.fandom.com/wiki/Angel_Garza,Angel_Garza_Stat.png,https://static.wikia.nocookie.net/prowrestling/images/4/45/Angel_Garza_Stat.png/revision/latest?cb=20190627022708,Saved square portrait from Pro Wrestling Fandom page image
165,wwe-smackdown-berto,Berto,saved,Humberto Carrillo,https://prowrestling.fandom.com/wiki/Humberto_Carrillo,Humberto_Carrillo_stat_photo.png,https://static.wikia.nocookie.net/prowrestling/images/f/f4/Humberto_Carrillo_stat_photo.png/revision/latest?cb=20190116061338,Saved square portrait from Pro Wrestling Fandom page image
166,wwe-raw-bravo-americano,Bravo Americano,saved,Tyler Bate,https://prowrestling.fandom.com/wiki/Tyler_Bate,Tyler_Bate_stat.png,https://static.wikia.nocookie.net/prowrestling/images/1/13/Tyler_Bate_stat.png/revision/latest?cb=20171012024728,Saved square portrait from Pro Wrestling Fandom page image
167,wwe-raw-grayson-waller,Grayson Waller,saved,Grayson Waller,https://prowrestling.fandom.com/wiki/Grayson_Waller,Grayson_Waller_2023.png,https://static.wikia.nocookie.net/prowrestling/images/5/55/Grayson_Waller_2023.png/revision/latest?cb=20230412033038,Saved square portrait from Pro Wrestling Fandom page image
168,wwe-raw-joaquin-wilde,Joaquin Wilde,saved,Zema Ion,https://prowrestling.fandom.com/wiki/Zema_Ion,Joaquin_Wilde_Stat2.png,https://static.wikia.nocookie.net/prowrestling/images/8/8f/Joaquin_Wilde_Stat2.png/revision/latest?cb=20200710162404,Saved square portrait from Pro Wrestling Fandom page image
169,wwe-smackdown-matt-cardona,Matt Cardona,saved,Matt Cardona,https://prowrestling.fandom.com/wiki/Matt_Cardona,Zack_Ryder_-_2016.png,https://static.wikia.nocookie.net/prowrestling/images/d/da/Zack_Ryder_-_2016.png/revision/latest/scale-to-width-down/674?cb=20161223124917,Saved square portrait from Pro Wrestling Fandom page image
170,wwe-raw-rayo-americano,Rayo Americano,saved,Rayo,https://prowrestling.fandom.com/wiki/Rayo,Rayo_2019.jpg,https://static.wikia.nocookie.net/prowrestling/images/2/24/Rayo_2019.jpg/revision/latest/scale-to-width-down/1536?cb=20190726011431,Saved square portrait from Pro Wrestling Fandom page image
171,wwe-nxt-brad-baylor,Brad Baylor,saved,Brad Baylor,https://prowrestling.fandom.com/wiki/Brad_Baylor,Brad_Baylor_2026.png,https://static.wikia.nocookie.net/prowrestling/images/6/6a/Brad_Baylor_2026.png/revision/latest?cb=20260227202120,Saved square portrait from Pro Wrestling Fandom page image
172,wwe-nxt-cutler-james,Cutler James,saved,Cutler James,https://prowrestling.fandom.com/wiki/Cutler_James,Cutler_James_(Darkstate).png,https://static.wikia.nocookie.net/prowrestling/images/d/d4/Cutler_James_%28Darkstate%29.png/revision/latest/scale-to-width-down/1536?cb=20250510154014,Saved square portrait from Pro Wrestling Fandom page image
173,wwe-nxt-dion-lennox,Dion Lennox,saved,Dion Lennox,https://prowrestling.fandom.com/wiki/Dion_Lennox,Dion_Lennox_(Darkstate).png,https://static.wikia.nocookie.net/prowrestling/images/b/b8/Dion_Lennox_%28Darkstate%29.png/revision/latest/scale-to-width-down/1536?cb=20250510154018,Saved square portrait from Pro Wrestling Fandom page image
174,wwe-nxt-ek-prosper,EK Prosper,saved,Eli Knight,https://prowrestling.fandom.com/wiki/Eli_Knight,Eli_Knight_WWE_2026.png,https://static.wikia.nocookie.net/prowrestling/images/e/eb/Eli_Knight_WWE_2026.png/revision/latest?cb=20260321153906,Saved square portrait from Pro Wrestling Fandom page image
175,wwe-nxt-elio-lefleur,Elio LeFleur,saved,Aigle Blanc,https://prowrestling.fandom.com/wiki/Aigle_Blanc,Aigle_Blanc.jpg,https://static.wikia.nocookie.net/prowrestling/images/4/4a/Aigle_Blanc.jpg/revision/latest/scale-to-width-down/1109?cb=20230326075844,Saved square portrait from Pro Wrestling Fandom page image
176,wwe-nxt-jackson-drake,Jackson Drake,saved,Jackson Drake,https://prowrestling.fandom.com/wiki/Jackson_Drake,Jackson_Drake_WWE_2026.png,https://static.wikia.nocookie.net/prowrestling/images/6/65/Jackson_Drake_WWE_2026.png/revision/latest?cb=20260321153908,Saved square portrait from Pro Wrestling Fandom page image
177,wwe-nxt-jasper-troy,Jasper Troy,saved,Jasper Troy,https://prowrestling.fandom.com/wiki/Jasper_Troy,Jasper_Troy_2025.png,https://static.wikia.nocookie.net/prowrestling/images/6/6a/Jasper_Troy_2025.png/revision/latest?cb=20250716021631,Saved square portrait from Pro Wrestling Fandom page image
178,wwe-nxt-kale-dixon,Kale Dixon,saved,Kale Dixon,https://prowrestling.fandom.com/wiki/Kale_Dixon,Kale_Dixon_2.png,https://static.wikia.nocookie.net/prowrestling/images/9/9c/Kale_Dixon_2.png/revision/latest?cb=20250604233847,Saved square portrait from Pro Wrestling Fandom page image
179,wwe-nxt-kam-hendrix,Kam Hendrix,saved,Anthony Luke,https://prowrestling.fandom.com/wiki/Anthony_Luke,Anthony_Luke_3.png,https://static.wikia.nocookie.net/prowrestling/images/a/a2/Anthony_Luke_3.png/revision/latest?cb=20250303173843,Saved square portrait from Pro Wrestling Fandom page image
180,wwe-nxt-keanu-carver,Keanu Carver,saved,Keanu Carver,https://prowrestling.fandom.com/wiki/Keanu_Carver,Keanu_Carver_2026.png,https://static.wikia.nocookie.net/prowrestling/images/2/24/Keanu_Carver_2026.png/revision/latest?cb=20260321153911,Saved square portrait from Pro Wrestling Fandom page image
181,wwe-nxt-lexis-king,Lexis King,saved,Brian Pillman Jr.,https://prowrestling.fandom.com/wiki/Brian_Pillman_Jr.,Lexis_King.png,https://static.wikia.nocookie.net/prowrestling/images/4/43/Lexis_King.png/revision/latest?cb=20240301102925,Saved square portrait from Pro Wrestling Fandom page image
182,wwe-nxt-lucien-price,Lucien Price,saved,Lucien Price,https://prowrestling.fandom.com/wiki/Lucien_Price,Lucien_Price.png,https://static.wikia.nocookie.net/prowrestling/images/f/f9/Lucien_Price.png/revision/latest?cb=20230923201508,Saved square portrait from Pro Wrestling Fandom page image
183,wwe-nxt-mason-rook,Mason Rook,saved,Will Kroos,https://prowrestling.fandom.com/wiki/Will_Kroos,Will_Kroos.jpg,https://static.wikia.nocookie.net/prowrestling/images/c/c6/Will_Kroos.jpg/revision/latest?cb=20200825232927,Saved square portrait from Pro Wrestling Fandom page image
184,wwe-nxt-naraku,Naraku,saved,EVIL,https://prowrestling.fandom.com/wiki/EVIL,NARAKU.png,https://static.wikia.nocookie.net/prowrestling/images/a/a5/NARAKU.png/revision/latest?cb=20260518181630,Saved square portrait from Pro Wrestling Fandom page image
185,wwe-nxt-niko-vance,Niko Vance,saved,Niko Vance,https://prowrestling.fandom.com/wiki/Niko_Vance,Niko_Vance_2.png,https://static.wikia.nocookie.net/prowrestling/images/4/4d/Niko_Vance_2.png/revision/latest?cb=20250604232813,Saved square portrait from Pro Wrestling Fandom page image
186,wwe-nxt-osiris-griffin,Osiris Griffin,saved,Osiris Griffin,https://prowrestling.fandom.com/wiki/Osiris_Griffin,Osiris_Griffin_2.png,https://static.wikia.nocookie.net/prowrestling/images/a/a6/Osiris_Griffin_2.png/revision/latest?cb=20250428030825,Saved square portrait from Pro Wrestling Fandom page image
187,wwe-nxt-ricky-smokes,Ricky Smokes,saved,Ricky Smokes,https://prowrestling.fandom.com/wiki/Ricky_Smokes,Ricky_Smokes_2026.png,https://static.wikia.nocookie.net/prowrestling/images/7/73/Ricky_Smokes_2026.png/revision/latest?cb=20260227202123,Saved square portrait from Pro Wrestling Fandom page image
188,wwe-nxt-saquon-shugars,Saquon Shugars,saved,Lucky Ali,https://prowrestling.fandom.com/wiki/Lucky_Ali,Saquon_Shugars_(Darkstate).png,https://static.wikia.nocookie.net/prowrestling/images/a/ad/Saquon_Shugars_%28Darkstate%29.png/revision/latest?cb=20250510154021,Saved square portrait from Pro Wrestling Fandom page image
189,wwe-nxt-sean-legacy,Sean Legacy,saved,Sean Legacy,https://prowrestling.fandom.com/wiki/Sean_Legacy,Sean_Legacy_WWE_Render.png,https://static.wikia.nocookie.net/prowrestling/images/2/2a/Sean_Legacy_WWE_Render.png/revision/latest?cb=20260304214037,Saved square portrait from Pro Wrestling Fandom page image
190,wwe-nxt-shawn-spears,Shawn Spears,saved,Tye Dillinger,https://prowrestling.fandom.com/wiki/Tye_Dillinger,Shawn_Spears_WWE_2026.png,https://static.wikia.nocookie.net/prowrestling/images/0/0b/Shawn_Spears_WWE_2026.png/revision/latest?cb=20260518182112,Saved square portrait from Pro Wrestling Fandom page image
191,wwe-nxt-shiloh-hill,Shiloh Hill,saved,Shiloh Hill,https://prowrestling.fandom.com/wiki/Shiloh_Hill,Shiloh_Hill_2026.png,https://static.wikia.nocookie.net/prowrestling/images/0/0f/Shiloh_Hill_2026.png/revision/latest?cb=20260325012539,Saved square portrait from Pro Wrestling Fandom page image
192,wwe-nxt-tate-wilder,Tate Wilder,saved,Case Hatch,https://prowrestling.fandom.com/wiki/Case_Hatch,Tate_Wilder.png,https://static.wikia.nocookie.net/prowrestling/images/4/43/Tate_Wilder.png/revision/latest?cb=20251013205158,Saved square portrait from Pro Wrestling Fandom page image
193,wwe-nxt-tavion-heights,Tavion Heights,saved,Tavion Heights,https://prowrestling.fandom.com/wiki/Tavion_Heights,Tavion_Heights_2024.png,https://static.wikia.nocookie.net/prowrestling/images/7/7e/Tavion_Heights_2024.png/revision/latest?cb=20240707213641,Saved square portrait from Pro Wrestling Fandom page image
194,wwe-nxt-tristan-angels,Tristan Angels,saved,Nathan Angel,https://prowrestling.fandom.com/wiki/Nathan_Angel,Nathan_Angel.png,https://static.wikia.nocookie.net/prowrestling/images/1/17/Nathan_Angel.png/revision/latest?cb=20251211024550,Saved square portrait from Pro Wrestling Fandom page image
195,wwe-smackdown-rey-fenix,Rey Fenix,saved,Fénix,https://prowrestling.fandom.com/wiki/F%C3%A9nix,FENIX.png,https://static.wikia.nocookie.net/prowrestling/images/f/f9/FENIX.png/revision/latest?cb=20170420222236,Saved square portrait from Pro Wrestling Fandom page image
196,wwe-raw-julius-creed,Julius Creed,saved,Julius Creed,https://prowrestling.fandom.com/wiki/Julius_Creed,Julius_Creed_-_7ac26292cb744eb69900d06927c0389b.png,https://static.wikia.nocookie.net/prowrestling/images/e/e4/Julius_Creed_-_7ac26292cb744eb69900d06927c0389b.png/revision/latest/scale-to-width-down/862?cb=20211208150818,Saved square portrait from Pro Wrestling Fandom page image
197,wwe-smackdown-elton-prince,Elton Prince,saved,Elton Prince,https://prowrestling.fandom.com/wiki/Elton_Prince,Elton_Prince.png,https://static.wikia.nocookie.net/prowrestling/images/d/dd/Elton_Prince.png/revision/latest?cb=20230722122817,Saved square portrait from Pro Wrestling Fandom page image
198,wwe-smackdown-candice-lerae,Candice LeRae,saved,Candice LeRae,https://prowrestling.fandom.com/wiki/Candice_LeRae,Candice_Heel.png,https://static.wikia.nocookie.net/prowrestling/images/4/4b/Candice_Heel.png/revision/latest?cb=20200521015941,Saved square portrait from Pro Wrestling Fandom page image
199,wwe-raw-akira-tozawa,Akira Tozawa,saved,Akira Tozawa,https://prowrestling.fandom.com/wiki/Akira_Tozawa,Akira_Tozawa_(Alpha_Academy).png,https://static.wikia.nocookie.net/prowrestling/images/5/53/Akira_Tozawa_%28Alpha_Academy%29.png/revision/latest?cb=20250512233924,Saved square portrait from Pro Wrestling Fandom page image
200,wwe-smackdown-b-fab,B-Fab,saved,B-FAB,https://prowrestling.fandom.com/wiki/B-FAB,B-FAB_2023.png,https://static.wikia.nocookie.net/prowrestling/images/9/92/B-FAB_2023.png/revision/latest/scale-to-width-down/890?cb=20230412041428,Saved square portrait from Pro Wrestling Fandom page image
