segment_id,segment_family,segment_group,display_name,variant,default_min_participants,default_max_participants,default_duration_minutes,championship_allowed,winner_required,weekly_tv_booking_cost_usd,ple_ppv_booking_cost_usd,cost_tier,talent_appearance_fees_apply,championship_surcharge_usd,rivalry_surcharge_usd,base_stamina_cost,stamina_cost_per_minute,computed_default_stamina_cost,fatigue_gain,injury_risk_delta_pct,medical_risk_cost_estimate,booking_cost_multiplier,physical_risk_1_5,stipulation_intensity_1_5,spectacle_1_5,rivalry_heat_delta,crowd_buzz_delta,show_quality_weight,finance_formula_notes
M001,Match,Standard,Singles Match,One on One,2,2,12,TRUE,TRUE,22000,31000,Medium,FALSE,0,0,12,0.65,19.8,9,0.8,600,1.0,1,1,2,2,2,1.0,"Economy v4: segment production cost only. Show Production Finance v3 does not charge talent appearance fees, championship surcharges, or rivalry surcharges."
M002,Match,Standard,Triple Threat,Three-way,3,3,13,TRUE,TRUE,32000,46000,High,FALSE,0,0,13,0.75,22.75,11,1.2,900,1.05,2,2,3,3,3,1.05,"Economy v4: segment production cost only. Show Production Finance v3 does not charge talent appearance fees, championship surcharges, or rivalry surcharges."
M003,Match,Standard,Fatal 4-Way,Four-way,4,4,14,TRUE,TRUE,35000,51000,High,FALSE,0,0,14,0.8,25.2,12,1.5,1125,1.08,2,2,3,3,3,1.05,"Economy v4: segment production cost only. Show Production Finance v3 does not charge talent appearance fees, championship surcharges, or rivalry surcharges."
M004,Match,Standard,5-Way Match,Multi-person,5,5,15,TRUE,TRUE,44000,64000,High,FALSE,0,0,15,0.85,27.75,13,1.7,1275,1.1,3,3,3,3,4,1.1,"Economy v4: segment production cost only. Show Production Finance v3 does not charge talent appearance fees, championship surcharges, or rivalry surcharges."
M005,Match,Standard,6-Way Match,Multi-person,6,6,16,TRUE,TRUE,47500,69000,High,FALSE,0,0,16,0.9,30.4,14,2.0,1500,1.12,3,3,3,4,4,1.1,"Economy v4: segment production cost only. Show Production Finance v3 does not charge talent appearance fees, championship surcharges, or rivalry surcharges."
M006,Match,Standard,8-Way Match,Multi-person,8,8,17,TRUE,TRUE,55000,82500,Premium,FALSE,0,0,17,1.0,34.0,16,2.5,1875,1.15,4,4,4,4,5,1.15,"Economy v4: segment production cost only. Show Production Finance v3 does not charge talent appearance fees, championship surcharges, or rivalry surcharges."
M007,Match,Tag Team,Tag Team Match,Two on Two,4,4,12,TRUE,TRUE,25500,35500,Medium,FALSE,0,0,11,0.6,18.2,8,0.8,600,1.0,1,1,2,2,2,1.0,"Economy v4: segment production cost only. Show Production Finance v3 does not charge talent appearance fees, championship surcharges, or rivalry surcharges."
M008,Match,Tag Team,Mixed Tag Team Match,Two on Two mixed,4,4,12,TRUE,TRUE,25500,35500,Medium,FALSE,0,0,11,0.6,18.2,8,0.8,600,1.0,1,1,2,2,2,1.0,"Economy v4: segment production cost only. Show Production Finance v3 does not charge talent appearance fees, championship surcharges, or rivalry surcharges."
M009,Match,Tag Team,Tornado Tag,Two on Two tornado,4,4,13,TRUE,TRUE,35000,50500,High,FALSE,0,0,13,0.8,23.4,12,1.8,1350,1.08,2,2,3,3,3,1.05,"Economy v4: segment production cost only. Show Production Finance v3 does not charge talent appearance fees, championship surcharges, or rivalry surcharges."
M010,Match,Tag Team,Six-Man Tag,Three on Three,6,6,14,TRUE,TRUE,37500,54500,High,FALSE,0,0,12,0.55,19.7,9,1.0,750,1.05,2,2,3,2,3,1.0,"Economy v4: segment production cost only. Show Production Finance v3 does not charge talent appearance fees, championship surcharges, or rivalry surcharges."
M011,Match,Tag Team,Six-Man Tornado Tag,Three on Three tornado,6,6,15,TRUE,TRUE,43500,65000,Premium,FALSE,0,0,15,0.8,27.0,13,2.2,1650,1.12,3,3,4,4,4,1.1,"Economy v4: segment production cost only. Show Production Finance v3 does not charge talent appearance fees, championship surcharges, or rivalry surcharges."
M012,Match,Tag Team,Eight-Man Tag,Four on Four,8,8,16,TRUE,TRUE,45000,67500,High,FALSE,0,0,13,0.55,21.8,10,1.2,900,1.08,2,2,4,3,4,1.05,"Economy v4: segment production cost only. Show Production Finance v3 does not charge talent appearance fees, championship surcharges, or rivalry surcharges."
M013,Match,Tag Team,Triple Threat Tornado Tag,Three teams,6,6,15,TRUE,TRUE,44500,67000,Premium,FALSE,0,0,15,0.85,27.75,14,2.2,1650,1.15,3,3,4,4,4,1.12,"Economy v4: segment production cost only. Show Production Finance v3 does not charge talent appearance fees, championship surcharges, or rivalry surcharges."
M014,Match,Tag Team,4-Way Tornado Tag,Four teams,8,8,16,TRUE,TRUE,57500,89000,Premium,FALSE,0,0,17,0.95,32.2,16,2.8,2100,1.18,4,4,5,5,5,1.15,"Economy v4: segment production cost only. Show Production Finance v3 does not charge talent appearance fees, championship surcharges, or rivalry surcharges."
M015,Match,Handicap,Handicap Match,One on Two,3,3,10,TRUE,TRUE,22500,31500,Medium,FALSE,0,0,10,0.55,15.5,8,0.8,600,1.0,1,1,2,2,1,0.95,"Economy v4: segment production cost only. Show Production Finance v3 does not charge talent appearance fees, championship surcharges, or rivalry surcharges."
M016,Match,Handicap,Handicap Tornado,One on Two tornado,3,3,11,TRUE,TRUE,31500,46000,High,FALSE,0,0,12,0.75,20.25,11,1.5,1125,1.08,2,2,3,3,2,1.0,"Economy v4: segment production cost only. Show Production Finance v3 does not charge talent appearance fees, championship surcharges, or rivalry surcharges."
M017,Match,Handicap,Handicap Match,One on Three,4,4,11,TRUE,TRUE,34000,49500,High,FALSE,0,0,13,0.7,20.7,12,1.8,1350,1.1,2,2,3,3,2,1.0,"Economy v4: segment production cost only. Show Production Finance v3 does not charge talent appearance fees, championship surcharges, or rivalry surcharges."
M018,Match,Handicap,Handicap Match,Two on Three,5,5,12,TRUE,TRUE,36000,52000,High,FALSE,0,0,12,0.65,19.8,10,1.2,900,1.08,2,2,3,2,2,1.0,"Economy v4: segment production cost only. Show Production Finance v3 does not charge talent appearance fees, championship surcharges, or rivalry surcharges."
M019,Match,Hardcore,Extreme Rules,One on One,2,2,13,TRUE,TRUE,47000,70500,Premium,FALSE,0,0,18,1.0,31.0,18,3.0,2250,1.25,3,3,4,4,5,1.12,"Economy v4: segment production cost only. Show Production Finance v3 does not charge talent appearance fees, championship surcharges, or rivalry surcharges."
M020,Match,Hardcore,Extreme Rules,Triple Threat,3,3,14,TRUE,TRUE,56500,84500,Premium,FALSE,0,0,19,1.05,33.7,19,3.5,2625,1.3,4,3,4,4,5,1.15,"Economy v4: segment production cost only. Show Production Finance v3 does not charge talent appearance fees, championship surcharges, or rivalry surcharges."
M021,Match,Hardcore,Extreme Rules,Fatal 4-Way,4,4,15,TRUE,TRUE,67500,104500,Premium,FALSE,0,0,20,1.1,36.5,20,4.0,3000,1.35,4,4,5,5,6,1.18,"Economy v4: segment production cost only. Show Production Finance v3 does not charge talent appearance fees, championship surcharges, or rivalry surcharges."
M022,Match,Hardcore,No Holds Barred,One on One,2,2,13,TRUE,TRUE,47000,70000,High,FALSE,0,0,17,0.9,28.7,16,2.8,2100,1.18,3,3,4,4,4,1.1,"Economy v4: segment production cost only. Show Production Finance v3 does not charge talent appearance fees, championship surcharges, or rivalry surcharges."
M023,Match,Hardcore,Falls Count Anywhere,One on One,2,2,14,TRUE,TRUE,46500,69500,Premium,FALSE,0,0,18,1.0,32.0,17,3.2,2400,1.22,3,3,4,4,5,1.12,"Economy v4: segment production cost only. Show Production Finance v3 does not charge talent appearance fees, championship surcharges, or rivalry surcharges."
M024,Match,Hardcore,Falls Count Anywhere,Triple Threat,3,3,15,TRUE,TRUE,62000,95500,Premium,FALSE,0,0,20,1.1,36.5,20,4.0,3000,1.3,4,4,5,5,5,1.15,"Economy v4: segment production cost only. Show Production Finance v3 does not charge talent appearance fees, championship surcharges, or rivalry surcharges."
M025,Match,Hardcore,Falls Count Anywhere,Fatal 4-Way,4,4,16,TRUE,TRUE,70000,108500,Premium,FALSE,0,0,22,1.2,41.2,22,4.8,3600,1.38,4,4,5,5,6,1.18,"Economy v4: segment production cost only. Show Production Finance v3 does not charge talent appearance fees, championship surcharges, or rivalry surcharges."
M026,Match,Hardcore,Bloodline Rules Match,Faction run-in rules,2,8,14,TRUE,TRUE,53500,83000,Premium,FALSE,0,0,18,0.9,30.6,16,2.5,1875,1.25,4,4,5,5,5,1.12,"Economy v4: segment production cost only. Show Production Finance v3 does not charge talent appearance fees, championship surcharges, or rivalry surcharges."
M027,Match,Hardcore,Brawl,Backstage KO,2,8,10,TRUE,TRUE,46000,69000,Premium,FALSE,0,0,17,1.1,28.0,18,3.8,2850,1.22,4,3,4,4,5,1.05,"Economy v4: segment production cost only. Show Production Finance v3 does not charge talent appearance fees, championship surcharges, or rivalry surcharges."
M028,Match,Hardcore,Scrapyard Brawl,Environment brawl,2,8,11,TRUE,TRUE,62500,96500,Premium,FALSE,0,0,20,1.2,33.2,22,4.5,3375,1.35,4,4,5,5,6,1.12,"Economy v4: segment production cost only. Show Production Finance v3 does not charge talent appearance fees, championship surcharges, or rivalry surcharges."
M029,Match,Stipulation,Steel Cage,One on One,2,2,14,TRUE,TRUE,62500,93500,Premium,FALSE,0,0,19,1.05,33.7,20,3.5,2625,1.3,4,4,4,4,5,1.15,"Economy v4: segment production cost only. Show Production Finance v3 does not charge talent appearance fees, championship surcharges, or rivalry surcharges."
M030,Match,Stipulation,Steel Cage,Triple Threat,3,3,15,TRUE,TRUE,77500,120500,Premium,FALSE,0,0,21,1.15,38.25,22,4.2,3150,1.38,5,4,5,5,6,1.18,"Economy v4: segment production cost only. Show Production Finance v3 does not charge talent appearance fees, championship surcharges, or rivalry surcharges."
M031,Match,Stipulation,Steel Cage,Fatal 4-Way,4,4,16,TRUE,TRUE,91000,141000,Premium,FALSE,0,0,23,1.25,43.0,25,5.0,3750,1.45,5,5,5,5,6,1.2,"Economy v4: segment production cost only. Show Production Finance v3 does not charge talent appearance fees, championship surcharges, or rivalry surcharges."
M032,Match,Stipulation,Hell in a Cell,One on One,2,2,18,TRUE,TRUE,111500,173000,Premium,FALSE,0,0,27,1.35,51.3,30,6.5,4875,1.65,5,5,5,6,8,1.25,"Economy v4: segment production cost only. Show Production Finance v3 does not charge talent appearance fees, championship surcharges, or rivalry surcharges."
M033,Match,Stipulation,Hell in a Cell,Triple Threat,3,3,18,TRUE,TRUE,126500,196500,Premium,FALSE,0,0,29,1.45,55.1,33,7.2,5400,1.75,5,5,5,6,8,1.28,"Economy v4: segment production cost only. Show Production Finance v3 does not charge talent appearance fees, championship surcharges, or rivalry surcharges."
M034,Match,Stipulation,Hell in a Cell,Fatal 4-Way,4,4,18,TRUE,TRUE,141000,218500,Premium,FALSE,0,0,31,1.55,58.9,36,8.0,6000,1.85,5,5,5,7,9,1.3,"Economy v4: segment production cost only. Show Production Finance v3 does not charge talent appearance fees, championship surcharges, or rivalry surcharges."
M035,Match,Stipulation,Hell in a Cell,6-Way,6,6,20,TRUE,TRUE,167500,259500,Premium,FALSE,0,0,34,1.65,67.0,40,9.0,6750,2.0,5,5,5,8,10,1.35,"Economy v4: segment production cost only. Show Production Finance v3 does not charge talent appearance fees, championship surcharges, or rivalry surcharges."
M036,Match,Stipulation,Table Match,One on One,2,2,11,TRUE,TRUE,45500,68500,High,FALSE,0,0,15,0.8,23.8,14,2.4,1800,1.15,3,3,4,4,4,1.08,"Economy v4: segment production cost only. Show Production Finance v3 does not charge talent appearance fees, championship surcharges, or rivalry surcharges."
M037,Match,Stipulation,Table Match,Triple Threat,3,3,12,TRUE,TRUE,49500,74000,Premium,FALSE,0,0,16,0.85,26.2,15,2.8,2100,1.2,4,3,4,4,4,1.1,"Economy v4: segment production cost only. Show Production Finance v3 does not charge talent appearance fees, championship surcharges, or rivalry surcharges."
M038,Match,Stipulation,Table Match,Fatal 4-Way,4,4,13,TRUE,TRUE,59500,92000,Premium,FALSE,0,0,17,0.9,28.7,17,3.2,2400,1.25,4,4,5,5,5,1.12,"Economy v4: segment production cost only. Show Production Finance v3 does not charge talent appearance fees, championship surcharges, or rivalry surcharges."
M039,Match,Stipulation,Ladder Match,One on One,2,2,16,TRUE,TRUE,91500,142000,Premium,FALSE,0,0,24,1.25,44.0,28,5.5,4125,1.55,5,4,5,5,7,1.22,"Economy v4: segment production cost only. Show Production Finance v3 does not charge talent appearance fees, championship surcharges, or rivalry surcharges."
M040,Match,Stipulation,Ladder Match,Triple Threat,3,3,17,TRUE,TRUE,108000,167500,Premium,FALSE,0,0,27,1.35,49.95,31,6.3,4725,1.65,5,5,5,6,8,1.25,"Economy v4: segment production cost only. Show Production Finance v3 does not charge talent appearance fees, championship surcharges, or rivalry surcharges."
M041,Match,Stipulation,Ladder Match,Fatal 4-Way,4,4,18,TRUE,TRUE,122000,189500,Premium,FALSE,0,0,30,1.45,56.1,35,7.2,5400,1.75,5,5,5,7,9,1.3,"Economy v4: segment production cost only. Show Production Finance v3 does not charge talent appearance fees, championship surcharges, or rivalry surcharges."
M042,Match,Stipulation,Ladder Match,6-Way,6,6,20,TRUE,TRUE,155000,240000,Premium,FALSE,0,0,34,1.55,65.0,40,8.5,6375,1.95,5,5,5,8,10,1.35,"Economy v4: segment production cost only. Show Production Finance v3 does not charge talent appearance fees, championship surcharges, or rivalry surcharges."
M043,Match,Stipulation,Ladder Match,8-Way,8,8,22,TRUE,TRUE,185000,287000,Premium,FALSE,0,0,38,1.65,74.3,45,10.0,7500,2.1,5,5,5,9,11,1.4,"Economy v4: segment production cost only. Show Production Finance v3 does not charge talent appearance fees, championship surcharges, or rivalry surcharges."
M044,Match,Stipulation,TLC Match,One on One,2,2,17,TRUE,TRUE,117500,182500,Premium,FALSE,0,0,28,1.4,51.8,33,7.0,5250,1.75,5,5,5,6,8,1.28,"Economy v4: segment production cost only. Show Production Finance v3 does not charge talent appearance fees, championship surcharges, or rivalry surcharges."
M045,Match,Stipulation,TLC Match,Triple Threat,3,3,18,TRUE,TRUE,138500,214500,Premium,FALSE,0,0,31,1.5,58.0,37,8.0,6000,1.9,5,5,5,7,9,1.32,"Economy v4: segment production cost only. Show Production Finance v3 does not charge talent appearance fees, championship surcharges, or rivalry surcharges."
M046,Match,Stipulation,TLC Match,Fatal 4-Way,4,4,19,TRUE,TRUE,160500,248500,Premium,FALSE,0,0,34,1.6,64.4,42,9.2,6899,2.05,5,5,5,8,10,1.35,"Economy v4: segment production cost only. Show Production Finance v3 does not charge talent appearance fees, championship surcharges, or rivalry surcharges."
M047,Match,Stipulation,Submission Match,One on One,2,2,13,TRUE,TRUE,33000,46500,High,FALSE,0,0,15,0.8,25.4,13,1.5,1125,1.1,3,2,2,3,3,1.05,"Economy v4: segment production cost only. Show Production Finance v3 does not charge talent appearance fees, championship surcharges, or rivalry surcharges."
M048,Match,Stipulation,Last Man Standing,One on One,2,2,17,TRUE,TRUE,84500,131500,Premium,FALSE,0,0,25,1.2,45.4,28,5.5,4125,1.5,5,5,5,6,6,1.2,"Economy v4: segment production cost only. Show Production Finance v3 does not charge talent appearance fees, championship surcharges, or rivalry surcharges."
M049,Match,Stipulation,Iron Man Match,Timed endurance,2,2,30,TRUE,TRUE,79500,115000,Premium,FALSE,0,0,30,1.1,63.0,34,3.2,2400,1.6,4,4,3,5,6,1.3,"Economy v4: segment production cost only. Show Production Finance v3 does not charge talent appearance fees, championship surcharges, or rivalry surcharges."
M050,Match,Stipulation,Casket Match,One on One,2,2,14,TRUE,TRUE,75000,116000,Premium,FALSE,0,0,20,1.0,34.0,21,4.0,3000,1.45,4,4,5,5,5,1.15,"Economy v4: segment production cost only. Show Production Finance v3 does not charge talent appearance fees, championship surcharges, or rivalry surcharges."
M051,Match,Stipulation,Ambulance Match,One on One,2,2,15,TRUE,TRUE,88000,136500,Premium,FALSE,0,0,22,1.1,38.5,24,5.0,3750,1.55,4,4,5,5,6,1.18,"Economy v4: segment production cost only. Show Production Finance v3 does not charge talent appearance fees, championship surcharges, or rivalry surcharges."
M052,Match,Stipulation,I Quit Match,One on One,2,2,18,TRUE,TRUE,99500,154500,Premium,FALSE,0,0,27,1.25,49.5,31,6.0,4500,1.65,5,5,5,6,8,1.25,"Economy v4: segment production cost only. Show Production Finance v3 does not charge talent appearance fees, championship surcharges, or rivalry surcharges."
M053,Match,Stipulation,Inferno Match,One on One,2,2,15,TRUE,TRUE,144000,223000,Premium,FALSE,0,0,28,1.3,47.5,34,8.5,6375,2.0,5,5,5,7,9,1.25,"Economy v4: segment production cost only. Show Production Finance v3 does not charge talent appearance fees, championship surcharges, or rivalry surcharges."
M054,Match,Stipulation,Dumpster Match,One on One,2,2,13,TRUE,TRUE,70500,109500,Premium,FALSE,0,0,20,1.0,33.0,22,4.5,3375,1.4,4,4,5,5,5,1.15,"Economy v4: segment production cost only. Show Production Finance v3 does not charge talent appearance fees, championship surcharges, or rivalry surcharges."
M055,Match,Stipulation,3 Stages of Hell,Three-stage match,2,2,28,TRUE,TRUE,185000,287000,Premium,FALSE,0,0,40,1.4,79.2,48,9.0,6750,2.2,5,5,5,8,11,1.4,"Economy v4: segment production cost only. Show Production Finance v3 does not charge talent appearance fees, championship surcharges, or rivalry surcharges."
M056,Match,Stipulation,Elimination Chamber,6-Way chamber,6,6,25,TRUE,TRUE,195000,302500,Premium,FALSE,0,0,36,1.25,67.25,44,8.0,6000,2.1,5,5,5,8,10,1.38,"Economy v4: segment production cost only. Show Production Finance v3 does not charge talent appearance fees, championship surcharges, or rivalry surcharges."
M057,Match,Stipulation,WarGames Match,Three on Three,6,6,28,TRUE,TRUE,198500,307500,Premium,FALSE,0,0,34,1.1,64.8,42,7.2,5400,2.0,5,5,5,7,10,1.35,"Economy v4: segment production cost only. Show Production Finance v3 does not charge talent appearance fees, championship surcharges, or rivalry surcharges."
M058,Match,Stipulation,WarGames Match,Four on Four,8,8,30,TRUE,TRUE,245000,379500,Premium,FALSE,0,0,38,1.15,72.5,48,8.5,6375,2.25,5,5,5,8,11,1.4,"Economy v4: segment production cost only. Show Production Finance v3 does not charge talent appearance fees, championship surcharges, or rivalry surcharges."
M059,Match,Elimination,Battle Royal,Fatal 4-Way over top rope,4,4,10,FALSE,TRUE,35000,50500,High,FALSE,0,0,12,0.6,18.0,9,1.2,900,1.05,3,2,3,3,3,1.0,"Economy v4: segment production cost only. Show Production Finance v3 does not charge talent appearance fees, championship surcharges, or rivalry surcharges."
M060,Match,Elimination,Battle Royal,5-Way over top rope,5,5,11,FALSE,TRUE,38500,55500,High,FALSE,0,0,13,0.65,20.15,10,1.4,1050,1.08,3,2,3,3,3,1.0,"Economy v4: segment production cost only. Show Production Finance v3 does not charge talent appearance fees, championship surcharges, or rivalry surcharges."
M061,Match,Elimination,Battle Royal,6-Way over top rope,6,6,12,FALSE,TRUE,44000,63500,High,FALSE,0,0,14,0.7,22.4,11,1.6,1200,1.1,3,3,3,3,4,1.02,"Economy v4: segment production cost only. Show Production Finance v3 does not charge talent appearance fees, championship surcharges, or rivalry surcharges."
M062,Match,Elimination,Battle Royal,8-Way over top rope,8,8,14,FALSE,TRUE,50500,75500,Premium,FALSE,0,0,16,0.75,26.5,13,2.0,1500,1.15,4,3,4,4,4,1.05,"Economy v4: segment production cost only. Show Production Finance v3 does not charge talent appearance fees, championship surcharges, or rivalry surcharges."
M063,Match,Elimination,Royal Rumble,10-Man,10,10,20,FALSE,TRUE,116500,175000,Premium,FALSE,0,0,24,0.8,40.0,25,3.5,2625,1.6,4,4,4,5,7,1.25,"Economy v4: segment production cost only. Show Production Finance v3 does not charge talent appearance fees, championship surcharges, or rivalry surcharges."
M064,Match,Elimination,Royal Rumble,20-Man,20,20,35,FALSE,TRUE,254500,394000,Premium,FALSE,0,0,32,0.85,61.75,42,5.0,3750,2.2,4,5,5,7,10,1.4,"Economy v4: segment production cost only. Show Production Finance v3 does not charge talent appearance fees, championship surcharges, or rivalry surcharges."
M065,Match,Elimination,Royal Rumble,30-Man,30,30,50,FALSE,TRUE,275000,425000,Premium,FALSE,0,0,42,0.9,87.0,60,7.0,5250,3.0,4,5,5,10,14,1.55,"Economy v4: segment production cost only. Show Production Finance v3 does not charge talent appearance fees, championship surcharges, or rivalry surcharges."
M066,Match,Elimination,Gauntlet Match,4 entrants,4,4,22,TRUE,TRUE,67000,97000,Premium,FALSE,0,0,26,0.8,43.6,28,3.0,2250,1.45,4,3,3,5,6,1.22,"Economy v4: segment production cost only. Show Production Finance v3 does not charge talent appearance fees, championship surcharges, or rivalry surcharges."
M067,Match,Elimination,Gauntlet Match,5 entrants,5,5,26,TRUE,TRUE,85500,123500,Premium,FALSE,0,0,30,0.82,51.32,34,3.8,2850,1.6,4,4,3,6,7,1.28,"Economy v4: segment production cost only. Show Production Finance v3 does not charge talent appearance fees, championship surcharges, or rivalry surcharges."
M068,Match,Elimination,Gauntlet Match,6 entrants,6,6,30,TRUE,TRUE,107000,160500,Premium,FALSE,0,0,34,0.85,59.5,40,4.5,3375,1.8,4,4,4,7,8,1.32,"Economy v4: segment production cost only. Show Production Finance v3 does not charge talent appearance fees, championship surcharges, or rivalry surcharges."
M069,Match,Elimination,Gauntlet Turmoil,Tag gauntlet,8,12,28,TRUE,TRUE,108500,162500,Premium,FALSE,0,0,30,0.78,51.84,34,3.5,2625,1.75,4,4,4,6,8,1.28,"Economy v4: segment production cost only. Show Production Finance v3 does not charge talent appearance fees, championship surcharges, or rivalry surcharges."
M070,Match,Elimination,Gauntlet Eliminator,Multi-entrant eliminator,5,8,24,TRUE,TRUE,102500,154000,Premium,FALSE,0,0,30,0.9,51.6,36,4.5,3375,1.8,4,4,4,6,8,1.3,"Economy v4: segment production cost only. Show Production Finance v3 does not charge talent appearance fees, championship surcharges, or rivalry surcharges."
M071,Match,Special Rules,Special Guest Referee,One on One,3,3,14,TRUE,TRUE,46000,69000,High,FALSE,0,0,13,0.65,22.1,10,1.0,750,1.15,3,3,4,3,4,1.05,"Economy v4: segment production cost only. Show Production Finance v3 does not charge talent appearance fees, championship surcharges, or rivalry surcharges."
M072,Match,Tournament,Tournament Match,Bracket singles,2,2,12,TRUE,TRUE,26500,36500,High,FALSE,0,0,13,0.65,20.8,10,0.9,675,1.0,2,2,2,3,3,1.0,"Economy v4: segment production cost only. Show Production Finance v3 does not charge talent appearance fees, championship surcharges, or rivalry surcharges."
M073,Match,Tournament,Tag Team Tournament Match,Bracket tag,4,4,12,TRUE,TRUE,29500,41500,High,FALSE,0,0,12,0.6,19.2,9,0.9,675,1.0,2,2,2,3,3,1.0,"Economy v4: segment production cost only. Show Production Finance v3 does not charge talent appearance fees, championship surcharges, or rivalry surcharges."
M074,Match,Tournament,Dusty Rhodes Classic Match,NXT tag bracket,4,4,13,TRUE,TRUE,33500,48500,High,FALSE,0,0,12,0.6,19.8,9,0.9,675,1.05,2,2,3,3,4,1.02,"Economy v4: segment production cost only. Show Production Finance v3 does not charge talent appearance fees, championship surcharges, or rivalry surcharges."
M075,Match,Tournament,Mixed Match Challenge,Mixed tag bracket,4,4,12,TRUE,TRUE,32000,46000,High,FALSE,0,0,11,0.55,17.6,8,0.8,600,1.02,2,2,3,3,3,1.0,"Economy v4: segment production cost only. Show Production Finance v3 does not charge talent appearance fees, championship surcharges, or rivalry surcharges."
M076,Match,Custom Rules,First Blood Match,Custom win condition,2,2,12,TRUE,TRUE,52000,78500,Premium,FALSE,0,0,18,0.95,29.4,17,4.2,3150,1.3,4,3,4,4,5,1.08,"Economy v4: segment production cost only. Show Production Finance v3 does not charge talent appearance fees, championship surcharges, or rivalry surcharges."
M077,Match,Custom Rules,Finisher Match,Custom win condition,2,2,11,TRUE,TRUE,32000,46000,High,FALSE,0,0,13,0.7,20.7,10,1.2,900,1.05,3,2,3,3,3,1.0,"Economy v4: segment production cost only. Show Production Finance v3 does not charge talent appearance fees, championship surcharges, or rivalry surcharges."
M078,Match,Custom Rules,2 Out of 3 Falls Match,Custom win condition,2,2,20,TRUE,TRUE,48000,70000,High,FALSE,0,0,22,0.85,39.0,24,2.2,1650,1.25,3,3,3,4,5,1.15,"Economy v4: segment production cost only. Show Production Finance v3 does not charge talent appearance fees, championship surcharges, or rivalry surcharges."
M079,Match,Custom Rules,KO Match,Knockout rules,2,2,10,TRUE,TRUE,43000,64500,High,FALSE,0,0,16,0.9,25.0,15,2.8,2100,1.15,4,3,4,4,4,1.0,"Economy v4: segment production cost only. Show Production Finance v3 does not charge talent appearance fees, championship surcharges, or rivalry surcharges."
M080,Match,Custom Rules,Underground Match,No ropes KO/submission,2,2,11,TRUE,TRUE,55000,85500,Premium,FALSE,0,0,18,1.0,29.0,18,4.0,3000,1.25,4,4,5,4,5,1.05,"Economy v4: segment production cost only. Show Production Finance v3 does not charge talent appearance fees, championship surcharges, or rivalry surcharges."
P001,Promo,Core Promo,In-Ring Promo,Solo,1,1,5,TRUE,FALSE,7000,9000,Low,FALSE,0,0,0,0.05,0.25,1,0.0,0,1.0,1,1,1,1,1,0.75,"Economy v4: segment production cost only. Show Production Finance v3 does not charge talent appearance fees, championship surcharges, or rivalry surcharges."
P002,Promo,Core Promo,Self Promo,Momentum builder,1,1,5,TRUE,FALSE,7000,9000,Low,FALSE,0,0,0,0.05,0.25,1,0.0,0,1.0,1,1,1,1,1,0.8,"Economy v4: segment production cost only. Show Production Finance v3 does not charge talent appearance fees, championship surcharges, or rivalry surcharges."
P003,Promo,Core Promo,Call-Out Promo,Calls out rival,1,2,6,TRUE,FALSE,10000,13500,Low,FALSE,0,0,0,0.05,0.3,1,0.0,0,1.0,1,2,2,3,3,0.9,"Economy v4: segment production cost only. Show Production Finance v3 does not charge talent appearance fees, championship surcharges, or rivalry surcharges."
P004,Promo,Core Promo,Rivalry Promo,Direct feud beat,2,4,7,TRUE,FALSE,10000,14000,Low,FALSE,0,0,0,0.05,0.35,1,0.0,0,1.0,1,2,2,4,3,0.95,"Economy v4: segment production cost only. Show Production Finance v3 does not charge talent appearance fees, championship surcharges, or rivalry surcharges."
P005,Promo,Core Promo,Championship Address,Champion speaks,1,2,6,TRUE,FALSE,11500,16500,Low,FALSE,0,0,0,0.05,0.3,1,0.0,0,1.0,1,2,3,3,3,0.95,"Economy v4: segment production cost only. Show Production Finance v3 does not charge talent appearance fees, championship surcharges, or rivalry surcharges."
P006,Promo,Core Promo,Contender Declaration,Challenges champion,1,2,6,TRUE,FALSE,10000,13500,Low,FALSE,0,0,0,0.05,0.3,1,0.0,0,1.0,1,2,2,3,3,0.9,"Economy v4: segment production cost only. Show Production Finance v3 does not charge talent appearance fees, championship surcharges, or rivalry surcharges."
P007,Promo,Core Promo,Open Challenge,Champion or star invites opponent,1,3,7,TRUE,FALSE,16500,24500,Medium,FALSE,0,0,0,0.05,0.35,1,0.0,0,1.0,1,3,4,5,5,1.05,"Economy v4: segment production cost only. Show Production Finance v3 does not charge talent appearance fees, championship surcharges, or rivalry surcharges."
P008,Promo,Core Promo,Contract Signing,Formal match signing,2,6,9,TRUE,FALSE,21000,31500,Medium,FALSE,0,0,0,0.05,0.45,2,0.0,0,1.0,1,4,4,6,5,1.1,"Economy v4: segment production cost only. Show Production Finance v3 does not charge talent appearance fees, championship surcharges, or rivalry surcharges."
P009,Promo,Core Promo,Face-to-Face Confrontation,Two rivals in ring,2,4,7,TRUE,FALSE,14500,21000,Medium,FALSE,0,0,0,0.05,0.35,1,0.0,0,1.0,1,3,3,5,4,1.0,"Economy v4: segment production cost only. Show Production Finance v3 does not charge talent appearance fees, championship surcharges, or rivalry surcharges."
P010,Promo,Core Promo,Champion vs Challenger Verbal Duel,Title feud,2,4,8,TRUE,FALSE,15000,22000,Medium,FALSE,0,0,0,0.05,0.4,1,0.0,0,1.0,1,3,3,5,4,1.05,"Economy v4: segment production cost only. Show Production Finance v3 does not charge talent appearance fees, championship surcharges, or rivalry surcharges."
P011,Promo,Core Promo,Faction Promo,Stable mission statement,3,8,8,TRUE,FALSE,14500,20500,Medium,FALSE,0,0,0,0.05,0.4,1,0.0,0,1.0,1,2,3,4,4,0.95,"Economy v4: segment production cost only. Show Production Finance v3 does not charge talent appearance fees, championship surcharges, or rivalry surcharges."
P012,Promo,Core Promo,Tag Team Promo,Team speaks,2,4,6,TRUE,FALSE,9000,12500,Low,FALSE,0,0,0,0.05,0.3,1,0.0,0,1.0,1,1,2,2,2,0.8,"Economy v4: segment production cost only. Show Production Finance v3 does not charge talent appearance fees, championship surcharges, or rivalry surcharges."
P013,Promo,Core Promo,Manager Promo,Manager advocates,1,3,6,TRUE,FALSE,9000,12500,Low,FALSE,0,0,0,0.05,0.3,1,0.0,0,1.0,1,1,2,3,2,0.85,"Economy v4: segment production cost only. Show Production Finance v3 does not charge talent appearance fees, championship surcharges, or rivalry surcharges."
P014,Promo,Core Promo,Authority Announcement,GM/official books match,1,6,5,TRUE,FALSE,9000,12500,Low,FALSE,0,0,0,0.05,0.25,0,0.0,0,1.0,1,1,2,3,2,0.7,"Economy v4: segment production cost only. Show Production Finance v3 does not charge talent appearance fees, championship surcharges, or rivalry surcharges."
P015,Promo,Core Promo,Number One Contender Announcement,Decision segment,2,8,6,TRUE,FALSE,11500,16500,Low,FALSE,0,0,0,0.05,0.3,0,0.0,0,1.0,1,2,3,4,3,0.85,"Economy v4: segment production cost only. Show Production Finance v3 does not charge talent appearance fees, championship surcharges, or rivalry surcharges."
P016,Promo,Core Promo,Draft Pick Reveal,Roster acquisition reveal,1,4,5,TRUE,FALSE,13500,19500,Medium,FALSE,0,0,0,0.05,0.25,0,0.0,0,1.0,1,1,3,2,4,0.8,"Economy v4: segment production cost only. Show Production Finance v3 does not charge talent appearance fees, championship surcharges, or rivalry surcharges."
P017,Promo,Core Promo,Free Agent Signing Reveal,New signing,1,3,6,TRUE,FALSE,21000,31500,Medium,FALSE,0,0,0,0.05,0.3,0,0.0,0,1.0,1,2,4,4,5,1.0,"Economy v4: segment production cost only. Show Production Finance v3 does not charge talent appearance fees, championship surcharges, or rivalry surcharges."
P018,Promo,Core Promo,Retirement Tease,Legend/older star,1,3,8,TRUE,FALSE,18500,27500,Medium,FALSE,0,0,0,0.05,0.4,0,0.0,0,1.0,1,2,4,4,4,1.0,"Economy v4: segment production cost only. Show Production Finance v3 does not charge talent appearance fees, championship surcharges, or rivalry surcharges."
P019,Promo,Core Promo,Apology Promo,Damage control,1,3,5,TRUE,FALSE,7500,10000,Low,FALSE,0,0,0,0.05,0.25,0,0.0,0,1.0,1,1,1,1,0,0.65,"Economy v4: segment production cost only. Show Production Finance v3 does not charge talent appearance fees, championship surcharges, or rivalry surcharges."
P020,Promo,Core Promo,Victory Celebration,Post-win brag/party,1,8,7,TRUE,FALSE,20000,30000,Medium,FALSE,0,0,0,0.05,0.35,0,0.0,0,1.0,1,2,4,3,4,0.9,"Economy v4: segment production cost only. Show Production Finance v3 does not charge talent appearance fees, championship surcharges, or rivalry surcharges."
P021,Promo,Core Promo,Heel Gloating Promo,Arrogant brag,1,4,6,TRUE,FALSE,10000,13500,Low,FALSE,0,0,0,0.05,0.3,0,0.0,0,1.0,1,2,2,3,3,0.9,"Economy v4: segment production cost only. Show Production Finance v3 does not charge talent appearance fees, championship surcharges, or rivalry surcharges."
P022,Promo,Core Promo,Babyface Rally Promo,Crowd rally,1,4,6,TRUE,FALSE,10500,15000,Low,FALSE,0,0,0,0.05,0.3,0,0.0,0,1.0,1,2,3,3,4,0.95,"Economy v4: segment production cost only. Show Production Finance v3 does not charge talent appearance fees, championship surcharges, or rivalry surcharges."
P023,Promo,Core Promo,Mystery Vignette,Cryptic tease,0,2,4,TRUE,FALSE,17000,24500,Medium,FALSE,0,0,0,0.05,0.2,0,0.0,0,1.0,1,1,3,2,4,0.75,"Economy v4: segment production cost only. Show Production Finance v3 does not charge talent appearance fees, championship surcharges, or rivalry surcharges."
P024,Promo,Core Promo,Video Package,Feud recap,0,6,4,TRUE,FALSE,14500,21000,Medium,FALSE,0,0,0,0.05,0.2,0,0.0,0,1.0,1,1,3,2,3,0.7,"Economy v4: segment production cost only. Show Production Finance v3 does not charge talent appearance fees, championship surcharges, or rivalry surcharges."
P025,Promo,Core Promo,Tribute Package,Emotional highlight,0,4,5,TRUE,FALSE,13500,19500,Medium,FALSE,0,0,0,0.05,0.25,0,0.0,0,1.0,1,1,3,2,2,0.7,"Economy v4: segment production cost only. Show Production Finance v3 does not charge talent appearance fees, championship surcharges, or rivalry surcharges."
P026,Promo,Core Promo,Press Conference Segment,Sports presentation,2,8,8,TRUE,FALSE,18500,27000,Medium,FALSE,0,0,0,0.05,0.4,0,0.0,0,1.0,1,2,3,4,3,0.9,"Economy v4: segment production cost only. Show Production Finance v3 does not charge talent appearance fees, championship surcharges, or rivalry surcharges."
P027,Promo,Core Promo,Sit-Down Interview,Serious interview,1,2,7,TRUE,FALSE,10500,15000,Low,FALSE,0,0,0,0.05,0.35,0,0.0,0,1.0,1,1,2,3,2,0.8,"Economy v4: segment production cost only. Show Production Finance v3 does not charge talent appearance fees, championship surcharges, or rivalry surcharges."
P028,Promo,Core Promo,Split-Screen Interview,Remote rivals,2,4,6,TRUE,FALSE,10500,14500,Low,FALSE,0,0,0,0.05,0.3,0,0.0,0,1.0,1,1,2,3,2,0.75,"Economy v4: segment production cost only. Show Production Finance v3 does not charge talent appearance fees, championship surcharges, or rivalry surcharges."
P029,Promo,Core Promo,Debate Segment,Moderated verbal battle,2,5,8,TRUE,FALSE,13500,18500,Medium,FALSE,0,0,0,0.05,0.4,0,0.0,0,1.0,1,2,2,4,3,0.9,"Economy v4: segment production cost only. Show Production Finance v3 does not charge talent appearance fees, championship surcharges, or rivalry surcharges."
P030,Promo,Core Promo,Talk Show Segment,Hosted show,2,6,8,TRUE,FALSE,18000,26000,Medium,FALSE,0,0,0,0.05,0.4,0,0.0,0,1.0,1,2,3,4,4,0.95,"Economy v4: segment production cost only. Show Production Finance v3 does not charge talent appearance fees, championship surcharges, or rivalry surcharges."
P031,Promo,Core Promo,Miz TV-style Guest Segment,Interview talk segment,2,5,7,TRUE,FALSE,16500,24000,Medium,FALSE,0,0,0,0.05,0.35,0,0.0,0,1.0,1,2,3,4,4,0.9,"Economy v4: segment production cost only. Show Production Finance v3 does not charge talent appearance fees, championship surcharges, or rivalry surcharges."
P032,Promo,Core Promo,Challenge Accepted,Short acceptance,1,2,4,TRUE,FALSE,8000,11500,Low,FALSE,0,0,0,0.05,0.2,0,0.0,0,1.0,1,1,2,2,2,0.7,"Economy v4: segment production cost only. Show Production Finance v3 does not charge talent appearance fees, championship surcharges, or rivalry surcharges."
P033,Promo,Core Promo,Stipulation Reveal,Adds special match,1,4,5,TRUE,FALSE,10500,15500,Low,FALSE,0,0,0,0.05,0.25,0,0.0,0,1.0,1,2,3,4,4,0.85,"Economy v4: segment production cost only. Show Production Finance v3 does not charge talent appearance fees, championship surcharges, or rivalry surcharges."
P034,Promo,Core Promo,Title Presentation Ceremony,New/returned title,1,6,8,TRUE,FALSE,26500,40000,Medium,FALSE,0,0,0,0.05,0.4,0,0.0,0,1.0,1,2,4,4,4,0.9,"Economy v4: segment production cost only. Show Production Finance v3 does not charge talent appearance fees, championship surcharges, or rivalry surcharges."
P035,Promo,Core Promo,Money in the Bank Cash-In Tease,Threatens cash-in,1,4,5,TRUE,FALSE,17500,26500,Medium,FALSE,0,0,0,0.05,0.25,0,0.0,0,1.0,1,3,4,5,5,1.0,"Economy v4: segment production cost only. Show Production Finance v3 does not charge talent appearance fees, championship surcharges, or rivalry surcharges."
P036,Promo,Core Promo,Open Challenge Answered,Surprise entrant,2,4,5,TRUE,FALSE,20000,31000,Medium,FALSE,0,0,0,0.05,0.25,1,0.0,0,1.0,1,3,5,5,6,1.05,"Economy v4: segment production cost only. Show Production Finance v3 does not charge talent appearance fees, championship surcharges, or rivalry surcharges."
P037,Promo,Core Promo,Loser Leaves Brand Ultimatum,Stakes promo,2,4,7,TRUE,FALSE,16500,24500,Medium,FALSE,0,0,0,0.05,0.35,0,0.0,0,1.0,1,4,4,5,5,1.0,"Economy v4: segment production cost only. Show Production Finance v3 does not charge talent appearance fees, championship surcharges, or rivalry surcharges."
P038,Promo,Core Promo,Trade Negotiation Segment,Brand business angle,2,6,6,TRUE,FALSE,10000,13500,Low,FALSE,0,0,0,0.05,0.3,0,0.0,0,1.0,1,1,2,2,2,0.65,"Economy v4: segment production cost only. Show Production Finance v3 does not charge talent appearance fees, championship surcharges, or rivalry surcharges."
A001,Backstage Angle,Backstage Interview,Backstage Interview,Solo/duo interview,1,3,4,TRUE,FALSE,8500,11500,Low,FALSE,0,0,0,0.02,0.08,1,0,0,1.0,1,1,1,2,1,0.65,"Economy v4: segment production cost only. Show Production Finance v3 does not charge talent appearance fees, championship surcharges, or rivalry surcharges."
A002,Backstage Angle,Backstage Interview,Ambush Interview,Interview interrupted,2,5,5,TRUE,FALSE,14500,21000,Medium,FALSE,0,0,3,0.1,3.5,4,1.0,1000,1.0,2,2,3,4,4,0.85,"Economy v4: segment production cost only. Show Production Finance v3 does not charge talent appearance fees, championship surcharges, or rivalry surcharges."
A003,Backstage Angle,Backstage Interview,Locker Room Interview,Private setting,1,4,4,TRUE,FALSE,8500,11500,Low,FALSE,0,0,0,0.02,0.08,1,0,0,1.0,1,1,1,2,1,0.6,"Economy v4: segment production cost only. Show Production Finance v3 does not charge talent appearance fees, championship surcharges, or rivalry surcharges."
A004,Backstage Angle,Attack Angle,Backstage Attack,Surprise assault,2,6,4,TRUE,FALSE,21000,31500,Medium,FALSE,0,0,7,0.1,7.4,8,2.5,2500,1.0,4,4,4,5,5,0.9,"Economy v4: segment production cost only. Show Production Finance v3 does not charge talent appearance fees, championship surcharges, or rivalry surcharges."
A005,Backstage Angle,Attack Angle,Parking Lot Attack,Arriving/leaving ambush,2,6,5,TRUE,FALSE,27500,43000,High,FALSE,0,0,9,0.1,9.5,10,4.0,4000,1.0,5,5,5,6,6,1.0,"Economy v4: segment production cost only. Show Production Finance v3 does not charge talent appearance fees, championship surcharges, or rivalry surcharges."
A006,Backstage Angle,Attack Angle,Pull-Apart Brawl,Officials separate rivals,2,10,5,TRUE,FALSE,20500,30500,Medium,FALSE,0,0,5,0.1,5.5,6,1.8,1800,1.0,3,4,4,6,5,0.95,"Economy v4: segment production cost only. Show Production Finance v3 does not charge talent appearance fees, championship surcharges, or rivalry surcharges."
A007,Backstage Angle,Attack Angle,Post-Match Beatdown,After bell attack,2,8,5,TRUE,FALSE,20500,31500,Medium,FALSE,0,0,6,0.1,6.5,7,2.2,2200,1.0,4,4,4,5,5,0.95,"Economy v4: segment production cost only. Show Production Finance v3 does not charge talent appearance fees, championship surcharges, or rivalry surcharges."
A008,Backstage Angle,Attack Angle,Save From Beatdown,Babyface save,3,8,5,TRUE,FALSE,19000,28500,Medium,FALSE,0,0,4,0.1,4.5,5,1.5,1500,1.0,3,3,4,5,5,0.95,"Economy v4: segment production cost only. Show Production Finance v3 does not charge talent appearance fees, championship surcharges, or rivalry surcharges."
A009,Backstage Angle,Attack Angle,Weapon Attack,Chair/kendo/etc.,2,6,4,TRUE,FALSE,23000,34000,Medium,FALSE,0,0,8,0.1,8.4,9,4.0,4000,1.0,5,5,4,6,5,0.95,"Economy v4: segment production cost only. Show Production Finance v3 does not charge talent appearance fees, championship surcharges, or rivalry surcharges."
A010,Backstage Angle,Attack Angle,Medical Stretcher Angle,Injury sell,2,8,6,TRUE,FALSE,24500,36500,Medium,FALSE,0,0,4,0.1,4.6,6,3.5,3500,1.0,4,5,4,5,5,0.85,"Economy v4: segment production cost only. Show Production Finance v3 does not charge talent appearance fees, championship surcharges, or rivalry surcharges."
A011,Backstage Angle,Authority/GM,GM Office Segment,Booking conversation,1,6,4,TRUE,FALSE,8000,11000,Low,FALSE,0,0,0,0.02,0.08,0,0,0,1.0,1,1,1,2,1,0.55,"Economy v4: segment production cost only. Show Production Finance v3 does not charge talent appearance fees, championship surcharges, or rivalry surcharges."
A012,Backstage Angle,Authority/GM,Authority Ultimatum,Threat/condition,2,6,5,TRUE,FALSE,10000,13500,Low,FALSE,0,0,0,0.02,0.1,1,0,0,1.0,1,2,2,3,2,0.7,"Economy v4: segment production cost only. Show Production Finance v3 does not charge talent appearance fees, championship surcharges, or rivalry surcharges."
A013,Backstage Angle,Authority/GM,Fine/Suspension Announcement,Discipline angle,1,4,4,TRUE,FALSE,9000,12500,Low,FALSE,0,0,0,0.02,0.08,0,0,0,1.0,1,2,2,3,2,0.65,"Economy v4: segment production cost only. Show Production Finance v3 does not charge talent appearance fees, championship surcharges, or rivalry surcharges."
A014,Backstage Angle,Authority/GM,Trade Negotiation Backstage,Roster business,2,6,5,TRUE,FALSE,8000,11000,Low,FALSE,0,0,0,0.02,0.1,0,0,0,1.0,1,1,1,2,1,0.55,"Economy v4: segment production cost only. Show Production Finance v3 does not charge talent appearance fees, championship surcharges, or rivalry surcharges."
A015,Backstage Angle,Authority/GM,Contract Dispute Meeting,Money/conflict,2,5,5,TRUE,FALSE,9000,12500,Low,FALSE,0,0,0,0.02,0.1,1,0,0,1.0,1,3,2,4,3,0.75,"Economy v4: segment production cost only. Show Production Finance v3 does not charge talent appearance fees, championship surcharges, or rivalry surcharges."
A016,Backstage Angle,Mystery/Reveal,Mystery Arrival,Car/limo arrives,0,4,3,TRUE,FALSE,20500,30500,Medium,FALSE,0,0,0,0.02,0.06,0,0,0,1.0,1,2,4,3,5,0.8,"Economy v4: segment production cost only. Show Production Finance v3 does not charge talent appearance fees, championship surcharges, or rivalry surcharges."
A017,Backstage Angle,Mystery/Reveal,Masked Attacker Reveal,Identity reveal,1,4,6,TRUE,FALSE,27000,41500,Medium,FALSE,0,0,2,0.1,2.6,3,0.5,500,1.0,2,4,5,6,6,1.05,"Economy v4: segment production cost only. Show Production Finance v3 does not charge talent appearance fees, championship surcharges, or rivalry surcharges."
A018,Backstage Angle,Mystery/Reveal,Return Vignette,Returning superstar,0,2,4,TRUE,FALSE,21000,31500,Medium,FALSE,0,0,0,0.02,0.08,0,0,0,1.0,1,2,4,4,5,0.9,"Economy v4: segment production cost only. Show Production Finance v3 does not charge talent appearance fees, championship surcharges, or rivalry surcharges."
A019,Backstage Angle,Mystery/Reveal,Debut Vignette,New superstar,0,2,4,TRUE,FALSE,21000,31500,Medium,FALSE,0,0,0,0.02,0.08,0,0,0,1.0,1,2,4,4,5,0.9,"Economy v4: segment production cost only. Show Production Finance v3 does not charge talent appearance fees, championship surcharges, or rivalry surcharges."
A020,Backstage Angle,Mystery/Reveal,Surprise Partner Reveal,Tag partner,2,6,5,TRUE,FALSE,17500,26500,Medium,FALSE,0,0,0,0.02,0.1,1,0,0,1.0,1,3,4,5,5,0.95,"Economy v4: segment production cost only. Show Production Finance v3 does not charge talent appearance fees, championship surcharges, or rivalry surcharges."
A021,Backstage Angle,Locker Room,Locker Room Argument,Tension,2,6,4,TRUE,FALSE,9500,13500,Low,FALSE,0,0,0,0.02,0.08,1,0,0,1.0,1,2,2,3,2,0.7,"Economy v4: segment production cost only. Show Production Finance v3 does not charge talent appearance fees, championship surcharges, or rivalry surcharges."
A022,Backstage Angle,Locker Room,Locker Room Pep Talk,Motivation,2,8,4,TRUE,FALSE,8000,10500,Low,FALSE,0,0,0,0.02,0.08,0,0,0,1.0,1,1,1,1,1,0.55,"Economy v4: segment production cost only. Show Production Finance v3 does not charge talent appearance fees, championship surcharges, or rivalry surcharges."
A023,Backstage Angle,Locker Room,Stable Recruiting Pitch,Faction growth,2,8,5,TRUE,FALSE,10000,13500,Low,FALSE,0,0,0,0.02,0.1,1,0,0,1.0,1,2,2,3,3,0.75,"Economy v4: segment production cost only. Show Production Finance v3 does not charge talent appearance fees, championship surcharges, or rivalry surcharges."
A024,Backstage Angle,Locker Room,Betrayal Backstage,Partner turns,2,6,5,TRUE,FALSE,17500,26500,Medium,FALSE,0,0,2,0.1,2.5,3,0.5,500,1.0,2,5,4,7,6,1.1,"Economy v4: segment production cost only. Show Production Finance v3 does not charge talent appearance fees, championship surcharges, or rivalry surcharges."
A025,Backstage Angle,Locker Room,Apology / Reconciliation,Relationship repair,2,5,4,TRUE,FALSE,8000,10500,Low,FALSE,0,0,0,0.02,0.08,0,0,0,1.0,1,1,1,1,1,0.6,"Economy v4: segment production cost only. Show Production Finance v3 does not charge talent appearance fees, championship surcharges, or rivalry surcharges."
A026,Backstage Angle,Comedy/Personality,Comedic Skit,Light character beat,1,6,4,TRUE,FALSE,10500,14500,Low,FALSE,0,0,0,0.02,0.08,0,0,0,1.0,1,1,2,1,3,0.65,"Economy v4: segment production cost only. Show Production Finance v3 does not charge talent appearance fees, championship surcharges, or rivalry surcharges."
A027,Backstage Angle,Comedy/Personality,Training Montage,Prep segment,1,4,4,TRUE,FALSE,10500,14500,Low,FALSE,0,0,1,0.02,1.08,1,0,0,1.0,1,1,2,1,2,0.6,"Economy v4: segment production cost only. Show Production Finance v3 does not charge talent appearance fees, championship surcharges, or rivalry surcharges."
A028,Backstage Angle,Comedy/Personality,Social Media Reaction Package,IWC buzz recap,0,4,3,TRUE,FALSE,10000,14000,Low,FALSE,0,0,0,0.02,0.06,0,0,0,1.0,1,1,2,1,3,0.55,"Economy v4: segment production cost only. Show Production Finance v3 does not charge talent appearance fees, championship surcharges, or rivalry surcharges."
A029,Backstage Angle,Comedy/Personality,Merch Table Segment,Fan commerce beat,1,4,4,TRUE,FALSE,10000,13500,Low,FALSE,0,0,0,0.02,0.08,0,0,0,1.0,1,1,2,1,2,0.55,"Economy v4: segment production cost only. Show Production Finance v3 does not charge talent appearance fees, championship surcharges, or rivalry surcharges."
A030,Backstage Angle,Investigation,Who Attacked Me?,Mystery inquiry,1,6,5,TRUE,FALSE,11000,15500,Low,FALSE,0,0,0,0.02,0.1,0,0,0,1.0,1,2,2,4,3,0.75,"Economy v4: segment production cost only. Show Production Finance v3 does not charge talent appearance fees, championship surcharges, or rivalry surcharges."
A031,Backstage Angle,Investigation,Security Footage Reveal,Evidence clip,0,4,4,TRUE,FALSE,14000,20000,Medium,FALSE,0,0,0,0.02,0.08,0,0,0,1.0,1,3,3,5,4,0.85,"Economy v4: segment production cost only. Show Production Finance v3 does not charge talent appearance fees, championship surcharges, or rivalry surcharges."
A032,Backstage Angle,Investigation,Backstage Chase,Pursuit scene,2,6,4,TRUE,FALSE,19500,28500,Medium,FALSE,0,0,4,0.1,4.4,5,1.5,1500,1.0,3,3,3,4,4,0.8,"Economy v4: segment production cost only. Show Production Finance v3 does not charge talent appearance fees, championship surcharges, or rivalry surcharges."
A033,Backstage Angle,Competition/Challenge,Arm Wrestling Challenge,Power contest,2,4,4,TRUE,FALSE,12000,17000,Medium,FALSE,0,0,2,0.1,2.4,2,0.4,400,1.0,2,2,2,2,2,0.65,"Economy v4: segment production cost only. Show Production Finance v3 does not charge talent appearance fees, championship surcharges, or rivalry surcharges."
A034,Backstage Angle,Competition/Challenge,Pose-Down,Bodybuilding flex-off,2,6,5,TRUE,FALSE,11000,15500,Low,FALSE,0,0,0,0.02,0.1,0,0,0,1.0,1,1,2,2,2,0.6,"Economy v4: segment production cost only. Show Production Finance v3 does not charge talent appearance fees, championship surcharges, or rivalry surcharges."
A035,Backstage Angle,Competition/Challenge,Beat-the-Clock Setup Angle,Challenge announced,2,6,4,TRUE,FALSE,9500,13500,Low,FALSE,0,0,0,0.02,0.08,0,0,0,1.0,1,2,2,3,3,0.65,"Economy v4: segment production cost only. Show Production Finance v3 does not charge talent appearance fees, championship surcharges, or rivalry surcharges."
A036,Backstage Angle,Competition/Challenge,Pick Your Poison Reveal,Opponent choice,2,6,5,TRUE,FALSE,12500,18500,Medium,FALSE,0,0,0,0.02,0.1,0,0,0,1.0,1,3,3,5,4,0.8,"Economy v4: segment production cost only. Show Production Finance v3 does not charge talent appearance fees, championship surcharges, or rivalry surcharges."
A037,Backstage Angle,Championship,Title Belt Theft,Steals championship,2,6,4,TRUE,FALSE,15500,23000,Medium,FALSE,0,0,1,0.1,1.4,2,0.4,400,1.0,2,4,4,5,5,0.9,"Economy v4: segment production cost only. Show Production Finance v3 does not charge talent appearance fees, championship surcharges, or rivalry surcharges."
A038,Backstage Angle,Championship,Title Belt Return/Presentation,Recovers/presents belt,1,4,4,TRUE,FALSE,10500,14500,Low,FALSE,0,0,0,0.02,0.08,0,0,0,1.0,1,1,2,2,2,0.65,"Economy v4: segment production cost only. Show Production Finance v3 does not charge talent appearance fees, championship surcharges, or rivalry surcharges."
A039,Backstage Angle,Championship,Champion Watches From Backstage,Scouting,1,3,3,TRUE,FALSE,7500,10000,Low,FALSE,0,0,0,0.02,0.06,0,0,0,1.0,1,1,1,2,1,0.5,"Economy v4: segment production cost only. Show Production Finance v3 does not charge talent appearance fees, championship surcharges, or rivalry surcharges."
A040,Backstage Angle,Championship,Contender Confronts Champion Backstage,Tense encounter,2,5,4,TRUE,FALSE,13500,19500,Medium,FALSE,0,0,1,0.1,1.4,2,0.3,300,1.0,2,3,3,4,4,0.8,"Economy v4: segment production cost only. Show Production Finance v3 does not charge talent appearance fees, championship surcharges, or rivalry surcharges."
A041,Backstage Angle,Medical/Condition,Medical Evaluation,Doctor clears/refuses,1,3,4,TRUE,FALSE,8500,11500,Low,FALSE,0,0,0,0.02,0.08,0,0,0,1.0,1,1,1,1,1,0.45,"Economy v4: segment production cost only. Show Production Finance v3 does not charge talent appearance fees, championship surcharges, or rivalry surcharges."
A042,Backstage Angle,Medical/Condition,Injury Update Package,Status update,0,2,3,TRUE,FALSE,8000,11000,Low,FALSE,0,0,0,0.02,0.06,0,0,0,1.0,1,1,1,1,1,0.45,"Economy v4: segment production cost only. Show Production Finance v3 does not charge talent appearance fees, championship surcharges, or rivalry surcharges."
A043,Backstage Angle,Medical/Condition,Defiant Injured Promo Backstage,Wrestler refuses rest,1,2,4,TRUE,FALSE,10000,13500,Low,FALSE,0,0,0,0.02,0.08,1,0,0,1.0,1,2,2,3,3,0.65,"Economy v4: segment production cost only. Show Production Finance v3 does not charge talent appearance fees, championship surcharges, or rivalry surcharges."
A044,Backstage Angle,Production/Entrance Adjacent,Pre-Match Walkout,Gorilla-position walkout,1,4,2,TRUE,FALSE,10000,13500,Low,FALSE,0,0,0,0.02,0.04,0,0,0,1.0,1,1,2,1,2,0.45,"Economy v4: segment production cost only. Show Production Finance v3 does not charge talent appearance fees, championship surcharges, or rivalry surcharges."
A045,Backstage Angle,Production/Entrance Adjacent,Post-Match Staredown,Rivals stare down,2,6,3,TRUE,FALSE,10500,15000,Low,FALSE,0,0,0,0.02,0.06,0,0,0,1.0,1,2,3,4,4,0.75,"Economy v4: segment production cost only. Show Production Finance v3 does not charge talent appearance fees, championship surcharges, or rivalry surcharges."
A046,Backstage Angle,Production/Entrance Adjacent,Entrance Ramp Confrontation,Mid-ramp stop,2,6,4,TRUE,FALSE,14000,20000,Medium,FALSE,0,0,1,0.1,1.4,2,0.2,200,1.0,2,3,3,4,4,0.75,"Economy v4: segment production cost only. Show Production Finance v3 does not charge talent appearance fees, championship surcharges, or rivalry surcharges."
A047,Backstage Angle,Relationship,Tag Team Miscommunication,Accidental mistake,2,4,4,TRUE,FALSE,9000,12500,Low,FALSE,0,0,0,0.02,0.08,1,0,0,1.0,1,2,2,3,2,0.65,"Economy v4: segment production cost only. Show Production Finance v3 does not charge talent appearance fees, championship surcharges, or rivalry surcharges."
A048,Backstage Angle,Relationship,Tag Team Breakup,Major split,2,4,6,TRUE,FALSE,18000,27000,Medium,FALSE,0,0,1,0.1,1.6,2,0.4,400,1.0,2,5,4,7,5,1.05,"Economy v4: segment production cost only. Show Production Finance v3 does not charge talent appearance fees, championship surcharges, or rivalry surcharges."
A049,Backstage Angle,Relationship,Stable Expulsion,Kicked out of group,3,8,6,TRUE,FALSE,18000,27000,Medium,FALSE,0,0,2,0.1,2.6,3,0.5,500,1.0,2,5,4,7,6,1.1,"Economy v4: segment production cost only. Show Production Finance v3 does not charge talent appearance fees, championship surcharges, or rivalry surcharges."
A050,Backstage Angle,Relationship,Manager Turns On Client,Manager betrayal,2,4,5,TRUE,FALSE,12500,18500,Medium,FALSE,0,0,0,0.02,0.1,1,0.1,100,1.0,1,4,3,6,5,1.0,"Economy v4: segment production cost only. Show Production Finance v3 does not charge talent appearance fees, championship surcharges, or rivalry surcharges."
